smiles,Ucal,Ueff,tio,Ucal_pred,Ucal_error,Ueff_pred,Ueff_error,tio_pred,tio_error
B1=C(C2CCCCC2)BC(C2CCCCC2)=C1C1CCCCC1,1238.9928375,1607.152515,-11.302052,1229.9928,-9.0,1637.009,29.856567,-11.354698,-0.052646637
B1=CC=C1,570.7351963666666,489.9648679,-8.35040825,545.0375,-25.697693,463.16107,-26.803802,-8.31489,0.035518646
B1=CC=CC1,1229.6741364875,1483.665967,-11.13011784375,1242.333,12.658813,1511.0969,27.430908,-11.196113,-0.06599522
B1C(C2CCCCC2)=C(C2CCCCC2)C(C2CCCCC2)=C1C1CCCCC1,1226.2267866666666,1597.1139363333332,-11.343074666666666,1241.6476,15.420776,1582.2704,-14.843506,-11.338426,0.0046491623
C/C(=C(/C)C(C)(C)C)C(C)(C)C,1515.729103,1866.438711,-11.28734,1567.0714,51.342285,1880.7753,14.336548,-11.387713,-0.10037327
C1=C(C2CCCCC2)CC(C2CCCCC2)=C1C1CCCCC1,1272.3178846666667,1519.392436,-11.210222416666667,1267.5399,-4.777954,1525.0009,5.6083984,-11.274476,-0.06425381
C1=CC=C1,1421.9978171724138,1597.6176846689657,-11.174467362068963,1396.803,-25.194824,1578.8403,-18.777344,-11.161924,0.012542725
C1=CCC(C2CCCCC2)=C1,1276.605725,1325.997917,-11.0785305,1260.1055,-16.500244,1334.6733,8.675415,-11.0752,0.0033302307
C1=CCP=C1,1191.8769065238332,1344.6299602466668,-10.202856875,1202.6998,10.822876,1350.38,5.75,-10.188082,0.014775276
C1=CP=C1,1131.8134140666668,1396.5895461333332,-10.81860825,724.57794,-407.2354,995.8645,-400.7251,-9.575453,1.2431555
C1=C[PH2]=C1,7.146666666666667e-07,150.47182393333333,-6.51191975,724.57794,724.57794,995.8645,845.3927,-9.575453,-3.0635328
C1CCC(C2=C(C3CCCCC3)C(C3CCCCC3)C(C3CCCCC3)=C2C2CCCCC2)CC1,1227.4283345,1602.075192,-11.2746925,1232.0494,4.6210938,1613.0514,10.976196,-11.314923,-0.04023075
C1CCC(c2[pH]c(C3CCCCC3)c(C3CCCCC3)c2C2CCCCC2)CC1,1120.8338946666663,1484.6561043333334,-11.064166333333333,1129.3977,8.563843,1499.6863,15.030151,-11.140818,-0.07665157
C1CCC1,1108.733431,1425.132559,-11.31251,1111.6686,2.9351807,1429.1187,3.986084,-11.304959,0.0075502396
C=C,1436.2755484714285,1448.8992687619048,-10.463008309380951,1407.755,-28.520508,1435.1698,-13.729492,-10.437263,0.025745392
C=CC(C)(C)C,1370.5193436470588,1689.711546235294,-11.191854205882354,1379.5042,8.984863,1703.3713,13.65979,-11.206831,-0.014976501
CB1C(C)=C(C)C(C)=C1C,1841.7697276666668,1950.942435833333,-11.180559333333331,1921.0004,79.23059,1983.679,32.736572,-11.185623,-0.0050640106
CB1C=CC=C1,1251.9404046666666,1633.424164666667,-11.198208,1281.4744,29.533936,1648.6832,15.259033,-11.227978,-0.029769897
CC(=C(C(C)C)C(C)C)C(C)C,1397.487593,1664.657154,-11.309916,1548.9425,151.45496,1763.2114,98.55432,-11.231637,0.07827854
CC(=C(C)C(C)(C)C)C(C)(C)C,1480.43196,1724.5395355,-11.23994625,1469.9331,-10.498901,1719.9932,-4.5463867,-11.031437,0.20850945
CC(=C(C)C(C)(C)C)C(C)C,1381.832821,1569.9683610000002,-11.372656,1444.0353,62.202515,1671.0859,101.11755,-11.180574,0.19208145
CC(=C(C)C(C)C)C(C)C,1860.06451,2104.1317211428573,-11.380534,1840.3741,-19.690308,2105.965,1.833252,-11.550584,-0.17004967
CC(C)(C)C1=BC(C(C)(C)C)=B1,1988.4296245,2134.6842960000004,-10.8364725,1943.3086,-45.12097,2078.747,-55.937256,-10.825451,0.011021614
CC(C)(C)C1=BC(C(C)(C)C)=C1C(C)(C)C,497.06560345,430.18739555,-8.444368625000001,507.4265,10.360901,429.9391,-0.24832153,-8.4265175,0.017850876
CC(C)(C)C1=C(C(C)(C)C)C(C(C)(C)C)=C1C(C)(C)C,1402.0959315849057,1662.7211012396226,-11.197280212264152,1423.385,21.289062,1660.3318,-2.3892822,-11.207609,-0.0103292465
CC(C)(C)C1=C(C(C)(C)C)C(C(C)(C)C)C(C(C)(C)C)=C1C(C)(C)C,1153.793442275,1520.3187985833335,-11.341727166666669,1250.1068,96.313354,1571.9246,51.605713,-11.400127,-0.058400154
CC(C)(C)C1=CC(C(C)(C)C)=C1,1510.114358,1891.3210375,-11.15144325,1507.9589,-2.1555176,1881.7604,-9.560669,-11.179653,-0.028209686
CC(C)(C)C1=CC=C1,1080.087427,1475.903057,-11.235617,1072.3196,-7.7678223,1464.0417,-11.861328,-11.171388,0.06422901
CC(C)(C)C1=PC(C(C)(C)C)P=C1C(C)(C)C,1151.7736080266666,1457.7445995333333,-11.080808,1163.9763,12.202759,1509.12,51.375366,-11.146781,-0.06597328
CC(C)(C)C1B2B1C2C(C)(C)C,915.82544946,1221.51006098,-10.9135089,907.7561,-8.069336,1202.0168,-19.493164,-10.8726,0.040909767
CC(C)(C)C=CC(C)(C)C,1348.8133083590908,1493.9013639425,-10.748602731136364,1360.8689,12.055542,1512.723,18.821655,-10.699982,0.048621178
CC(C)(C)[PH]1=CCC=C1,1323.140255,1426.506795,-11.314944,1312.9865,-10.153809,1421.2401,-5.2667236,-11.276333,0.038611412
CC(C)(C)c1[pH]c(C(C)(C)C)c(C(C)(C)C)c1C(C)(C)C,1398.015639,1673.053990625,-11.2375671875,1398.5587,0.5430908,1766.0192,92.96521,-11.376311,-0.13874435
CC(C)=C(C)C(C)(C)C,1414.653661,1695.6250605,-11.257621749999998,1423.917,9.263306,1694.6012,-1.0238037,-11.183831,0.07379055
CC(C)=C(C)C(C)C,1353.7312842657143,1641.9064575342857,-10.81144294642857,1594.8528,241.12146,1827.0178,185.11133,-10.9366255,-0.12518215
CC(C)=CC(C)(C)C,1516.619434,1718.487789,-11.236326,1572.605,55.985596,1769.6575,51.169678,-11.11254,0.12378597
CC(C)C(=C(C(C)(C)C)C(C)(C)C)C(C)C,1530.488077,1845.828158,-11.38530725,1573.7686,43.280518,1798.5485,-47.279663,-11.302914,0.082393646
CC(C)C(=C(C(C)C)C(C)(C)C)C(C)C,1224.9067990666667,1333.5711972333334,-10.353343316666669,1252.8816,27.974854,1422.4933,88.92212,-10.581163,-0.2278204
CC(C)C(=C(C(C)C)C(C)C)C(C)C,1334.6531564925083,1492.497861467869,-10.660481704262295,1322.1525,-12.500732,1515.6868,23.188965,-10.679295,-0.018813133
CC(C)C1=BC(C(C)C)=B1,2087.211565,2120.6982930000004,-10.98369975,2100.476,13.264404,2132.7861,12.087891,-11.124155,-0.14045525
CC(C)C1=BC(C(C)C)=C1C(C)C,824.9010482953335,863.7999251666666,-9.264401,873.3091,48.40802,932.9197,69.11975,-9.417798,-0.1533966
CC(C)C1=BC(C(C)C)B=C1C(C)C,862.657869825,1135.5619444433337,-10.407854208333331,955.1077,92.44983,1235.2009,99.63904,-10.700261,-0.29240704
CC(C)C1=BC(C(C)C)C(C(C)(C)C)=C1C(C)(C)C,1331.464684,1751.6500766666668,-11.233185666666666,1274.7648,-56.69995,1712.0779,-39.572144,-11.345571,-0.112384796
CC(C)C1=BC(C(C)C)C(C(C)C)=C1C(C)(C)C,1038.339838625,1385.36137575,-11.21653675,1222.1637,183.82385,1509.5162,124.15491,-11.222154,-0.0056171417
CC(C)C1=BC(C(C)C)C(C(C)C)=C1C(C)C,1098.7470164666668,1359.7857231833334,-11.06413225,1133.2633,34.516235,1422.3787,62.592896,-11.21063,-0.14649773
CC(C)C1=C(C(C)(C)C)C(C(C)(C)C)=C(C(C)(C)C)B1,1104.88948,1681.618817,-11.433048,1096.4314,-8.45813,1600.6165,-81.00232,-11.484788,-0.051739693
CC(C)C1=C(C(C)(C)C)C(C(C)(C)C)=C1C(C)(C)C,1405.7896967894735,1684.7500192105265,-11.224236078947367,1440.2975,34.507812,1755.9604,71.21045,-11.237801,-0.01356411
CC(C)C1=C(C(C)(C)C)C(C(C)(C)C)C(C(C)C)=C1C(C)(C)C,1430.705903,1631.911972,-11.435799,1387.4055,-43.300415,1638.5537,6.6417236,-11.432967,0.002831459
CC(C)C1=C(C(C)(C)C)C(C(C)C)=C1C(C)(C)C,1568.010324,1909.028680666667,-11.006818333333332,1523.21,-44.800415,1811.2899,-97.73877,-11.094889,-0.088069916
CC(C)C1=C(C(C)(C)C)P=C1C(C)(C)C,855.4239776,907.0491485,-10.58092264,875.56366,20.13971,936.6563,29.607178,-10.824295,-0.24337196
CC(C)C1=C(C(C)C)C(C(C)(C)C)C(C(C)(C)C)=C1C(C)(C)C,1391.0116825,1683.5735195,-11.4443885,1439.3003,48.288574,1722.16,38.586548,-11.635989,-0.1916008
CC(C)C1=C(C(C)C)C(C(C)C)=C1C(C)C,1383.828892445,1695.7658415,-11.278945825,1438.5522,54.72339,1715.3584,19.59253,-11.372389,-0.09344292
CC(C)C1=C(C(C)C)C(C(C)C)C(C(C)(C)C)=C1C(C)C,1749.3883537000002,1685.6136896,-10.86488705,1728.0105,-21.377808,1714.5435,28.92981,-10.97529,-0.11040306
CC(C)C1=C(C(C)C)C(C(C)C)P=C1C(C)(C)C,1378.226439,1777.630444,-11.1626635,1431.8354,53.60901,1807.4775,29.847046,-11.303459,-0.14079571
CC(C)C1=C(C(C)C)[PH](C(C)C)=C1C(C)C,452.377908,252.042596,-7.60610625,560.3281,107.950226,414.3141,162.27148,-7.9830217,-0.37691545
CC(C)C1=CC(C(C)(C)C)=C1,1160.340182,1506.708621,-11.23851,1160.9493,0.60913086,1512.326,5.6174316,-11.211695,0.026815414
CC(C)C1=CC=C1,1288.888139,1480.627609,-11.430475,1310.2432,21.35498,1497.9952,17.367676,-11.367158,0.0633173
CC(C)C1=CC=CC1,1540.672713,1634.222822,-11.398,1567.4585,26.785767,1656.3793,22.156494,-11.443005,-0.045004845
CC(C)C1=CC=CC1C(C)C,1563.16029,1665.633152,-11.3200125,1560.2,-2.9603271,1698.4402,32.807007,-11.332388,-0.012375832
CC(C)C1=PC(C(C)C)=C1C(C)(C)C,1562.904374,1711.055476,-11.2523065,1498.6086,-64.29578,1698.0107,-13.044678,-11.4997,-0.24739265
CC(C)C1=PC(C(C)C)=C1C(C)C,1102.4146676555556,1312.9473848555556,-10.751347813333332,1169.128,66.71338,1398.7833,85.83594,-11.059895,-0.30854702
CC(C)C1=PC(C(C)C)=P1,1306.611574,1669.057116,-11.2124442,1334.4658,27.854248,1713.2896,44.23242,-11.366291,-0.15384674
CC(C)C1=PC(C(C)C)C(C(C)C)=C1C(C)C,1489.297671117647,1703.192777764706,-11.137231088235296,1479.6979,-9.5998535,1748.2091,45.016357,-11.442396,-0.3051653
CC(C)C1=PC(C(C)C)P=C1C(C)C,1094.778893390909,1350.036855609091,-11.069182,1134.2163,39.437378,1405.1571,55.12024,-11.03997,0.029211998
CC(C)C1=[PH](C(C)(C)C)C(C(C)C)C(C(C)(C)C)=C1C(C)(C)C,642.8927961,1193.098278,-11.0903245,720.66797,77.77515,1267.4104,74.31213,-11.178032,-0.08770752
CC(C)C1B2B1C2C(C)C,956.5403795,1029.1436225999998,-10.637827333333334,972.0051,15.464722,1039.1249,9.981201,-10.727275,-0.089447975
CC(C)C1C(C(C)(C)C)=BC(C(C)(C)C)=C1C(C)(C)C,1166.6030111,1486.686320433333,-10.348344249999998,1189.764,23.16101,1516.5573,29.870972,-10.556597,-0.2082529
CC(C)c1[pH]c(C(C)(C)C)c(C(C)(C)C)c1C(C)(C)C,1176.169754,1645.6169945,-11.48384275,1214.7233,38.553467,1625.2146,-20.402344,-11.4644165,0.019426346
CC(C)c1[pH]c(C(C)(C)C)c(C(C)C)c1C(C)C,1653.595086,1769.429319,-11.014558,1693.39,39.79492,1841.1055,71.67615,-11.063357,-0.048799515
CC(C)c1c(C(C)(C)C)[pH]c(C(C)(C)C)c1C(C)C,1329.011657,1766.2678529999998,-11.25137875,1350.4224,21.410767,1766.5912,0.32336426,-11.427479,-0.17609978
CC(C)c1c(C(C)C)c(C(C)C)c(C(C)(C)C)c(C(C)C)c1C(C)C,1311.064477,1575.418057,-11.439185,1360.0233,48.958862,1651.8114,76.39331,-11.629151,-0.1899662
CC(C)c1c(C(C)C)c(C(C)C)c(C(C)C)c(C(C)C)c1C(C)C,1152.2917818766666,1315.858043231333,-9.899857283333334,1180.0845,27.792725,1351.4484,35.590332,-10.148531,-0.24867344
CC(C)c1cc(C(C)C)c(-c2cc(-c3c(C(C)C)cc(C(C)C)cc3C(C)C)c(C(C)C)cc2C(C)C)c(C(C)C)c1,698.2319732,750.0789508,-9.23597125,767.16,68.92798,821.85724,71.77826,-9.399058,-0.16308689
CC(C)c1ccccc1,1239.3648534,1511.305121,-11.2140193,1265.035,25.670166,1531.6005,20.295288,-11.237475,-0.02345562
CC1=BC(C)=C1C,835.7841960413333,617.5991163666666,-8.073711801555554,813.7179,-22.066284,582.46124,-35.13788,-8.028011,0.045700073
CC1=BC(C)=C1C(C)(C)C,948.1594443,713.67203655,-9.606940000000002,931.5676,-16.591797,702.4819,-11.190186,-9.725993,-0.11905289
CC1=BC(C)=CC1,579.6211238,1067.510796,-10.61065075,533.29047,-46.330627,1024.7107,-42.80005,-10.546867,0.063783646
CC1=BC(C)B=C1C,1038.2154377894738,1358.0743775157894,-11.12020172368421,1075.2285,37.01306,1373.5989,15.524536,-11.079248,0.040953636
CC1=BC(C)C(C(C)C)=C1C(C)C,1452.7911775,1556.17472,-11.3638815,1409.971,-42.82019,1574.3981,18.223389,-11.492029,-0.12814808
CC1=BC(C)C(C)=C1C,1378.0614132666667,1578.2766666,-11.343130133333334,1450.6881,72.62671,1580.8534,2.5767822,-11.370498,-0.027367592
CC1=BCC=C1,1121.389251,1364.992077,-11.288313,1114.2682,-7.1210938,1353.635,-11.357056,-11.289566,-0.001253128
CC1=C(C(C)(C)C)C(C(C)(C)C)=C(C(C)(C)C)C1C(C)(C)C(C)(C)C,1194.173281,1462.19353925,-11.271652625,1301.0977,106.92432,1566.538,104.34448,-11.23923,0.032422066
CC1=C(C(C)(C)C)C(C(C)(C)C)=C(C(C)(C)C)C1C(C)(C)C(C)C,1262.563816,1582.636559,-11.406946,1283.958,21.394165,1592.4047,9.768066,-11.56128,-0.15433407
CC1=C(C(C)(C)C)C(C(C)(C)C)=C1C,1151.2272404,1475.9153466,-11.3245615,1113.6729,-37.554443,1452.7263,-23.189087,-11.198139,0.12642193
CC1=C(C(C)(C)C)C(C(C)(C)C)=C1C(C)(C)C,1059.1699577866666,1333.5414174133334,-10.376582125,1135.636,76.466064,1376.0707,42.529297,-10.575915,-0.19933319
CC1=C(C(C)(C)C)C(C(C)C)=C1C(C)(C)C,1520.481848,1737.9398675,-11.103112,1485.5839,-34.89795,1720.6034,-17.336426,-11.145273,-0.042160988
CC1=C(C(C)(C)C)C(C)=C1C(C)(C)C,1439.942779882353,1704.3100329411766,-11.27688705882353,1397.7728,-42.16992,1650.7612,-53.54883,-10.954862,0.3220253
CC1=C(C(C)(C)C)C(C)C(C(C)(C)C)=C1C(C)(C)C,1280.33052,1648.6083147142856,-11.379564071428572,1411.5027,131.17212,1625.0424,-23.565918,-11.254238,0.12532616
CC1=C(C(C)(C)C)C=C1C(C)(C)C,1278.356924,1625.762818,-11.2894865,1245.8925,-32.464478,1595.5529,-30.20996,-11.242868,0.04661846
CC1=C(C(C)C)B=C(C(C)C)C1C,1403.2517395999998,1695.8796136,-11.3153604,1420.9669,17.71521,1704.8995,9.019897,-11.315315,4.4822693e-05
CC1=C(C(C)C)C(C(C)(C)C)C(C(C)(C)C)=C1C,1163.042312,1444.107898,-11.274985,1313.2872,150.24487,1542.5244,98.416504,-11.083038,0.19194698
CC1=C(C(C)C)C(C(C)(C)C)C(C)=C1C(C)(C)C,1771.5861695,1771.3465675,-10.74073125,1411.187,-360.39917,1577.0338,-194.31274,-10.908558,-0.16782665
CC1=C(C(C)C)C(C(C)C)C(C)=C1C(C)(C)C,1739.828219,1805.731545,-10.7852635,1634.2693,-105.55896,1695.9943,-109.737305,-10.703383,0.081879616
CC1=C(C(C)C)C(C)=C1C(C)(C)C,1460.619471,1726.7293405,-11.2040085,1448.2385,-12.380981,1701.3422,-25.387207,-11.363876,-0.15986824
CC1=C(C(C)C)C(C)C(C(C)C)=C1C(C)C,1693.599127,1786.39278,-11.1136135,1713.4906,19.89148,1818.2214,31.828613,-11.243745,-0.13013172
CC1=C(C(C)C)P=C(C(C)C)C1C,1408.8442075,1562.914113,-11.380127625,1429.0563,20.212036,1580.3345,17.42041,-11.40361,-0.023482323
CC1=C(C)C(C(C)(C)C)=C1C,1212.2927252,1510.7967794,-11.17115815,1256.4216,44.128906,1582.4601,71.66333,-11.308181,-0.13702297
CC1=C(C)C(C(C)(C)C)=C1C(C)C,1096.6805854999998,1432.675163,-11.291163999999998,1169.9901,73.30957,1494.8013,62.1261,-11.270883,0.020281792
CC1=C(C)C(C(C)(C)C)C(C(C)(C)C)=C1C(C)(C)C,1068.835673042857,1294.4481052857143,-11.078548142857144,1438.7386,369.90295,1585.012,290.56384,-11.026644,0.05190468
CC1=C(C)C(C(C)(C)C)C(C(C)C)=C1C,1218.340895,1554.999752,-11.372149,1345.4576,127.1167,1596.5427,41.54297,-11.383562,-0.011412621
CC1=C(C)C(C(C)C)C(C(C)C)=C1C,1364.872168,1539.563658,-11.417803,1401.5199,36.647705,1578.9369,39.37329,-11.294477,0.12332535
CC1=C(C)C(C)=C1C,1374.4484760198022,1662.0150357821783,-11.219486366336634,1381.1174,6.6689453,1679.469,17.45398,-11.321423,-0.10193634
CC1=C(C)C(C)C(C(C)(C)C)=C1C(C)(C)C,1191.454389,1477.1155643333332,-11.213055666666667,1640.6376,449.18323,1718.7921,241.67651,-10.993308,0.21974754
CC1=C(C)C(C)C(C(C)C)=C1C,1181.48186675,1481.616956,-11.2910658125,1129.9489,-51.53296,1456.4565,-25.1604,-11.39671,-0.105644226
CC1=C(C)C(C)C(C)=C1C,1583.9201994876032,1695.8058903537192,-11.062954159090909,1608.0598,24.139648,1681.7854,-14.020508,-11.02158,0.041374207
CC1=C(C)C(C)C(C)=C1C(C)(C)C,1639.811234,1704.594156,-11.0366515,1507.2498,-132.56152,1642.5347,-62.05945,-11.079307,-0.04265499
CC1=C(C)C=C1,1346.069521,1457.0399614,-11.202315,1350.1588,4.0892334,1480.4679,23.427979,-11.156623,0.045692444
CC1=C(C)C[PH](C)=C1,967.3332022,1291.21468625,-11.1096371875,970.957,3.6237793,1298.658,7.4432373,-11.148056,-0.03841877
CC1=C(C)N(C(C)C)CN1C(C)C,1078.225937,1255.26082,-10.739759,1134.0768,55.85083,1314.8175,59.55664,-10.929126,-0.18936634
CC1=C(C)[PH](C(C)C)=C1C,0.0,149.6591714,-6.691594166666667,62.254517,62.254517,171.27112,21.611954,-6.860791,-0.16919708
CC1=C(C)[PH](C)=C(C)C1C,1183.7366093333333,1515.9685253333334,-11.316362666666668,1262.0634,78.32678,1592.4846,76.51611,-11.378614,-0.062252045
CC1=C(C)[PH](C)=C1C,1337.0418038837142,842.8691758285714,-8.548548281428571,1400.2408,63.199097,900.6937,57.824524,-8.67744,-0.12889099
CC1=CC(C(C)(C)C)=C1,1468.882901,1747.479813,-11.1003435,1452.5939,-16.289062,1729.5403,-17.939575,-11.092549,0.00779438
CC1=CC(C(C)C)=C1,1080.060394857143,1474.0159865714286,-11.24519114285714,1102.4042,22.34375,1467.6533,-6.362671,-11.171869,0.073322296
CC1=CC(C(C)C)=C1C,1053.729063,1511.793864,-11.17966,1064.9482,11.219238,1507.2943,-4.4995117,-11.175197,0.004463196
CC1=CC(C)=C(C)C1,1531.740037733333,1641.030143,-11.142744466666668,1521.6484,-10.091553,1619.7787,-21.251465,-11.080723,0.062021255
CC1=CC(C)=C(C)C1C,1485.6148622083335,1624.8352312083334,-11.173175625,1473.0664,-12.548462,1627.3375,2.5023193,-11.239402,-0.066226006
CC1=CC(C)=C1C,1250.6040253041667,1471.8792412375,-11.073620135416666,1250.1696,-0.43444824,1452.1904,-19.688843,-11.069394,0.004225731
CC1=CC=C(C)C1,1466.249981736842,1627.4754587368425,-11.21472952631579,1460.7764,-5.473633,1626.2937,-1.1817627,-11.225867,-0.011137962
CC1=CC=C1,1291.4080426750002,1545.3342959,-11.2395247,1299.8597,8.45166,1522.8307,-22.503662,-11.266847,-0.027321815
CC1=CC=CC1,1443.453151466667,1624.987572088889,-11.237546666666669,1421.0758,-22.37732,1610.2076,-14.779907,-11.239922,-0.002374649
CC1=CCP=C1C,1588.631041,1768.569422,-10.969908,1559.3252,-29.305786,1754.8619,-13.70752,-10.990582,-0.020674706
CC1=PC(C)=C1C,987.4013442875,1134.7957370875,-10.58154684375,1040.039,52.637573,1197.9983,63.202515,-10.738728,-0.15718079
CC1=PC(C)=C1C(C)(C)C,1351.9960035,1625.9152975,-11.24085675,1326.732,-25.263916,1618.6613,-7.2540283,-11.248068,-0.0072107315
CC1=PC(C)=P1,1234.4180875,1655.2576045,-11.317990375,1281.7389,47.3208,1642.3143,-12.943237,-11.257883,0.06010723
CC1=PC(C)C(C(C)C)=C1C(C)C,1350.150406,1732.94386,-11.367263,1380.4517,30.30127,1740.053,7.109131,-11.415517,-0.048254013
CC1=PC(C)C(C)=C1C,1502.2132717272727,1727.6500509090909,-11.064586227272727,1549.3025,47.089233,1774.0128,46.362793,-11.188908,-0.124320984
CC1=PC(C)P=C1C,1051.947488076923,1255.0197690538462,-10.822395096153846,1066.39,14.442505,1256.1615,1.1417236,-10.783876,0.038518906
CC1B2B1C2C,1055.4759079,1182.55856835,-10.939181,1032.4456,-23.030396,1150.6152,-31.94336,-10.916137,0.023044586
CC=C(C)C,1700.0918451225807,1973.7652138967744,-11.107694370967742,1721.942,21.85022,1999.8572,26.091919,-11.118789,-0.011094093
CC=CC,1587.06475959375,1708.4597397546877,-11.02950933421875,1583.412,-3.652832,1719.3916,10.931885,-11.073001,-0.043491364
CC=CCC,2042.385108,1886.5978175,-10.93504275,2025.1882,-17.1969,1894.2234,7.6256104,-11.022451,-0.08740902
CCB1C(C)=C(CC)C(CC)=C1C,2252.3588095,1833.7475655,-10.691383,2409.79,157.43115,1936.121,102.37341,-10.807182,-0.11579895
CCC(=C(C(C)C)C(C)(C)C)C(C)(C)C,1177.778444,1575.560976,-11.395301,1309.6122,131.83374,1591.7869,16.22583,-11.243999,0.15130234
CCC(=C(C(C)C)C(C)(C)C)C(C)C,1291.198352765,1376.3545264083334,-10.006481708333334,1284.3949,-6.803467,1470.6212,94.26672,-10.587594,-0.5811119
CCC(=C(C(C)C)C(C)C)C(C)C,1398.290104820769,1621.8417074576923,-10.804773557692307,1428.073,29.782837,1647.5011,25.659424,-10.519675,0.28509808
CCC(=C(C)C(C)(C)C)C(C)C,1263.654764,1672.377726,-11.325653,1423.496,159.84119,1678.5527,6.175049,-11.192774,0.13287926
CCC(=C(C)C(C)C)C(C)C,1831.6004976666663,2055.184348,-11.179247333333334,1811.7417,-19.858765,2016.7048,-38.479492,-11.172762,0.0064849854
CCC(=C(CC)C(C)(C)C)C(C)(C)C,1415.1768525,1616.919497,-11.447463,1495.5579,80.38098,1688.8013,71.881714,-11.36466,0.08280277
CCC(=C(CC)C(C)(C)C)C(C)C,1394.519771,1717.473521,-11.326502,1407.4944,12.974609,1635.2595,-82.21399,-11.2204,0.10610199
CCC(C(=C(C)C)C(C)(C)C)C(C)(C)C,1430.294796,1638.942564,-11.422488,1345.4998,-84.795044,1589.7256,-49.21692,-11.22112,0.20136833
CCC(C)(C)C1=C(C(C)C)C(C(C)(C)C)=C1C(C)C,1273.6818,1632.135099,-11.097879,1269.9409,-3.7408447,1598.822,-33.31311,-11.083901,0.013978004
CCC(C)(C)C1=C(C)C(C(C)(C)C)=C(C(C)(C)C)C1C(C)(C)C,1231.930803,1685.218184,-11.433653,1283.1798,51.249023,1691.0071,5.7889404,-11.460572,-0.026919365
CCC(C)=C(C)C,1457.8626801363637,1635.730941940909,-10.84358912,1559.9268,102.06409,1764.2913,128.5603,-10.907122,-0.06353283
CCC(C)=C(C)C(C)(C)C,1380.273318,1609.010777,-11.2886665,1412.5161,32.242798,1645.6332,36.622437,-11.262462,0.026205063
CCC(C)=C(CC)CC,1492.4833518210526,1693.1968292263157,-10.668474210526316,1497.4111,4.9277344,1650.9478,-42.249023,-10.74342,-0.07494545
CCC(CC)=C(C(C)C)C(C)(C)C,1583.230467,1715.562728,-11.3700095,1541.0688,-42.16162,1688.9912,-26.571533,-11.418232,-0.04822254
CCC(CC)=C(C(C)C)C(C)C,1235.312880975,1323.87719525,-9.993548035,1257.3778,22.064941,1378.9202,55.04297,-9.951059,0.04248905
CCC(CC)=C(C)C,1911.46310275,2173.95435025,-11.242686,1947.8997,36.436523,2202.3994,28.445068,-11.245926,-0.0032396317
CCC(CC)=C(CC)C(C)(C)C,1648.827186,1769.22006,-11.1394595,1700.6143,51.78711,1799.5125,30.292358,-11.123861,0.015598297
CCC(CC)=C(CC)C(C)C,1374.65847219125,1540.57330644875,-10.55833515625,1403.4424,28.783936,1581.8685,41.295166,-10.463772,0.094563484
CCC(CC)=C(CC)CC,1472.4396684185715,1682.956378750857,-11.034772210571427,1487.574,15.134277,1706.0182,23.061768,-11.0621395,-0.027367592
CCC1=BC(C)=C1CC,1468.376138,1667.965503,-11.1403975,1515.511,47.134888,1680.1876,12.222168,-11.340817,-0.20042038
CCC1=BC(C)C(C)=C1C,1189.336522,1517.37179,-11.337011,1252.8823,63.545776,1553.1425,35.77063,-11.4844055,-0.14739418
CCC1=BC(CC)=B1,2097.2108233333333,2149.4611680000003,-11.100678666666669,2085.4973,-11.713623,2126.5913,-22.869873,-11.1105795,-0.009901047
CCC1=BC(CC)=C(C)C1C,1365.5023680000002,1556.535818,-11.360957583333333,1379.7837,14.281372,1547.5042,-9.031616,-11.365207,-0.0042495728
CCC1=BC(CC)=C(CC)C1C,1346.501996,1525.39793,-11.368361,1370.7178,24.21582,1531.1571,5.7591553,-11.474934,-0.10657215
CCC1=BC(CC)=C1C(C)C,1017.680316,994.7793868,-10.0014445,1033.6663,15.985962,951.3602,-43.41913,-9.966093,0.035351753
CCC1=BC(CC)=C1CC,826.6324584102857,823.9316321142858,-9.282708214285716,881.5028,54.87036,884.02606,60.09442,-9.278918,0.0037899017
CCC1=BC(CC)B=C1CC,1011.7713297466668,1324.275923186667,-11.103644083333334,1095.5338,83.76251,1367.5784,43.30249,-11.186341,-0.082696915
CCC1=BC(CC)C(C(C)C)=C1C(C)C,1436.2023215,1565.7514325000002,-11.37259575,1432.4049,-3.7973633,1628.1771,62.42566,-11.523749,-0.15115356
CCC1=BC(CC)C(CC)=C1CC,1314.9054072166666,1538.5523948333332,-11.28774925,1413.8771,98.97168,1644.8063,106.25391,-11.5078125,-0.22006321
CCC1=C(C(C)(C)C)B=C(C(C)(C)C)C1CC,1400.3899745,1694.6331081666667,-11.394432166666666,1404.6951,4.3050537,1714.89,20.256958,-11.343971,0.050460815
CCC1=C(C(C)(C)C)C(C(C)(C)C)=C(C(C)(C)C)C1C(C)(C)C,1280.946824,1630.164555,-11.491752,1373.6088,92.66199,1616.1921,-13.972412,-11.452643,0.039108276
CCC1=C(C(C)(C)C)C(C(C)(C)C)=C1C,1190.5970940000002,1529.0508289999998,-11.400772,1356.1436,165.54651,1691.1631,162.1123,-11.428171,-0.027399063
CCC1=C(C(C)(C)C)C(C(C)(C)C)=C1C(C)(C)C,1335.6198811666666,1655.8562386666665,-11.277530416666666,1331.7697,-3.8502197,1692.6348,36.778564,-11.351982,-0.07445145
CCC1=C(C(C)(C)C)C(C(C)(C)C)=C1C(C)C,1306.262004,1676.730588,-11.337361,1380.0476,73.785645,1723.4281,46.69751,-11.258218,0.079143524
CCC1=C(C(C)(C)C)C(C(C)(C)C)C(CC)=C1C(C)(C)C,1604.2917831727273,1661.2536229272728,-10.545802022727273,1574.9149,-29.376831,1756.3926,95.138916,-10.751143,-0.20534134
CCC1=C(C(C)(C)C)C(C(C)C)=C1C(C)(C)C,1401.4888166666667,1694.5378466666668,-11.1491525,1392.4108,-9.078003,1732.1967,37.658813,-11.261006,-0.1118536
CCC1=C(C(C)(C)C)C(C(C)C)=C1C(C)C,1640.977103,2074.788936,-11.151396,1619.6168,-21.36023,2025.5051,-49.28369,-11.389761,-0.23836517
CCC1=C(C(C)(C)C)C(C)=C1C,1201.3229807692308,1478.8987414615383,-11.250868,1137.5933,-63.729736,1399.5316,-79.367065,-11.24755,0.003317833
CCC1=C(C(C)(C)C)C(C)=C1C(C)(C)C,1383.2195625,1750.8596015,-11.228536,1417.1353,33.91565,1725.9071,-24.952515,-11.428648,-0.20011234
CCC1=C(C(C)(C)C)C(CC)=C1C(C)(C)C,1430.6039035,1788.840684,-11.235310625,1492.3054,61.701538,1829.2849,40.444214,-11.415376,-0.18006516
CCC1=C(C(C)(C)C)P=C(C(C)(C)C)C1CC,1465.2761606,1697.2699902,-11.0304123,1464.4712,-0.80493164,1669.1161,-28.15393,-10.922508,0.107904434
CCC1=C(C(C)(C)CC)C(C(C)C)=C1C(C)C,1208.330208,1627.657707,-11.2441715,1315.3501,107.0199,1741.379,113.72131,-11.153352,0.09081936
CCC1=C(C(C)C)B=C(C(C)C)C1CC,1406.818156,1655.5103284000002,-11.2148161,1429.6741,22.855957,1664.6101,9.099731,-11.287874,-0.07305813
CCC1=C(C(C)C)C(C(C)(C)C)=C(CC)C1C(C)(C)C,1489.410491111111,1728.8475386666669,-11.167997388888889,1489.1355,-0.2750244,1674.7539,-54.093628,-10.81851,0.3494873
CCC1=C(C(C)C)C(C(C)C)=B1,1746.552372,1717.593719,-11.0386735,1740.9231,-5.6292725,1738.4215,20.827759,-11.019563,0.01911068
CCC1=C(C(C)C)C(C(C)C)=BC1CC,1201.199436,1499.540002,-11.329784,1237.5178,36.31836,1492.9227,-6.6173096,-11.307556,0.022228241
CCC1=C(C(C)C)C(C(C)C)=C(C(C)C)C1C(C)(C)C,1988.62214,1701.445341,-10.5532215,1918.8376,-69.784546,1789.6272,88.181885,-10.748078,-0.19485664
CCC1=C(C(C)C)C(C(C)C)=C(C(C)C)C1C(C)C,1605.0365599999998,1713.20539425,-11.034471208333336,1626.3868,21.350342,1739.3524,26.146973,-11.150783,-0.11631107
CCC1=C(C(C)C)C(C(C)C)=C(C(C)C)C1CC,1440.062959,1783.4578,-10.9718685,1511.7432,71.680176,1737.6465,-45.81128,-10.905356,0.06651211
CCC1=C(C(C)C)C(C(C)C)=C(CC)C1CC,1533.9308613333333,1749.148314,-10.998961666666666,1500.7762,-33.154663,1754.3423,5.1939697,-11.118826,-0.119864464
CCC1=C(C(C)C)C(C(C)C)=C1C(C)C,1510.8974857142855,1823.0739675714285,-11.315650285714286,1500.7245,-10.172974,1869.5796,46.505615,-11.395088,-0.07943821
CCC1=C(C(C)C)C(C(C)C)C(CC)=C1C(C)C,1835.4974735,1718.33029825,-10.843989,1658.1602,-177.33728,1761.6122,43.28186,-11.057381,-0.2133913
CCC1=C(C(C)C)C(C)=C1C,1187.847493,1420.616524,-11.334215,1123.3296,-64.517944,1336.2003,-84.41626,-10.850153,0.4840622
CCC1=C(C(C)C)C(C)C(CC)=C1C,1637.367142,1709.6426125,-11.2436665,1581.6511,-55.716064,1762.6093,52.966675,-11.163229,0.08043766
CCC1=C(C(C)C)C(CC)=C1C(C)(C)C,1423.0949695,1648.5939395,-11.240789,1365.0844,-58.01062,1661.5912,12.997192,-11.240894,-0.000104904175
CCC1=C(C(C)C)C(CC)=C1C(C)(C)CC,1209.999666,1562.079326,-11.2121615,1227.5729,17.573242,1538.9508,-23.12854,-11.33994,-0.127779
CCC1=C(C(C)C)C(CC)=C1C(C)C,1384.569069,1674.57660525,-11.292088625,1469.0522,84.483154,1752.2306,77.65393,-11.456247,-0.16415882
CCC1=C(C(C)C)C(CC)C(CC)=C1C,1327.062463,1686.090869,-11.355286,1429.6715,102.60901,1659.2522,-26.838623,-11.222211,0.13307476
CCC1=C(C(C)C)P=C(C(C)C)C1CC,1436.9472213333331,1580.724279,-11.203791333333331,1451.0648,14.117554,1590.3765,9.652222,-11.284987,-0.08119583
CCC1=C(C(C)C)[PH](C(C)C)=C(CC)C1CC,1160.145745,1486.06935,-11.279151,1122.3536,-37.792114,1538.6178,52.548462,-11.283954,-0.004802704
CCC1=C(C)B=C1C,961.291033525,744.038836325,-9.86179925,970.5952,9.304199,783.83545,39.79663,-9.810651,0.051148415
CCC1=C(C)C(C(C)(C)C)=C(C(C)(C)C)C1C,1289.513545,1535.7941625,-11.1839135,1339.6687,50.15515,1567.2173,31.423096,-10.94455,0.23936367
CCC1=C(C)C(C(C)(C)C)=C(C(C)(C)C)C1C(C)(C)C,1102.718221,1500.488593,-11.400872,1442.196,339.47778,1651.869,151.38037,-11.111062,0.28981018
CCC1=C(C)C(C(C)(C)C)=C(C)C1C(C)(C)C,1935.498197,1910.090776,-10.8494205,1584.8633,-350.6349,1754.5338,-155.557,-11.019652,-0.17023182
CCC1=C(C)C(C(C)(C)C)=C(C)C1C(C)C,1640.357019,1711.048222,-11.0558995,1664.6039,24.246826,1696.3988,-14.649414,-11.133913,-0.07801342
CCC1=C(C)C(C(C)(C)C)=C(C)C1CC,1746.501562,1827.575067,-10.637029,1795.5966,49.09497,1840.8304,13.255371,-10.716496,-0.07946777
CCC1=C(C)C(C(C)(C)C)=C1C,1371.856013,1711.5297695,-11.255978,1402.2457,30.38977,1735.2552,23.725464,-11.326223,-0.07024574
CCC1=C(C)C(C(C)C)=C(C(C)C)C1C,1657.875946,1762.090886,-11.1730635,1667.9972,10.121216,1763.5636,1.4726562,-11.0613165,0.11174679
CCC1=C(C)C(C(C)C)=C(C)C1CC,1724.56489,1812.713542,-10.5404205,1567.4401,-157.12488,1774.7783,-37.93518,-11.046131,-0.5057106
CCC1=C(C)C(C(C)C)=C(CC)C1CC,1510.191625,1675.8944025,-11.3909195,1483.512,-26.679688,1713.9619,38.067505,-11.1942625,0.19665718
CCC1=C(C)C(C)=C(C(C)(C)C)C1C(C)(C)C,1187.92671,1583.357854,-11.413189,1422.7311,234.80432,1692.0776,108.71973,-11.250924,0.16226482
CCC1=C(C)C(C)=C(C(C)C)C1C,1458.50788,1774.987699,-11.35499,1448.1378,-10.370117,1764.4401,-10.547607,-11.383872,-0.028882027
CCC1=C(C)C(C)=C(C(C)C)C1CC,1461.81993,1765.319771,-11.338267,1512.1259,50.30591,1746.6089,-18.710938,-11.056616,0.2816515
CCC1=C(C)C(C)=C(C)C1C,1505.0802349565215,1692.236915869565,-11.21272006826087,1493.112,-11.96814,1766.7994,74.5625,-11.378773,-0.16605282
CCC1=C(C)C(C)=C(C)C1C(C)(C)C,1132.566253,1443.062365,-11.324175,1171.8923,39.32605,1507.1923,64.12988,-11.265639,0.058535576
CCC1=C(C)C(C)=C(C)C1C(C)C,1170.888036,1503.386324,-11.377059,1216.6865,45.798462,1509.1382,5.751831,-11.417923,-0.04086399
CCC1=C(C)C(C)=C(C)C1CC,1611.6961284444444,1636.079117,-10.97195673,1521.8164,-89.87976,1673.9619,37.882812,-11.237452,-0.26549435
CCC1=C(C)C(C)=C(CC)C1CC,1606.1832063333334,1686.742530888889,-11.084023611111112,1624.1611,17.977905,1763.1871,76.44458,-11.237498,-0.15347481
CCC1=C(C)C(C)=C1,1228.933566,1480.975946,-11.384002,1203.6082,-25.32544,1481.0298,0.053833008,-11.375229,0.00877285
CCC1=C(C)C(C)=C1C,1312.710091247619,1632.180534857143,-11.201924738095238,1374.4875,61.777466,1660.1283,27.947754,-11.463175,-0.2612505
CCC1=C(C)C(C)C(C)=C1CC,1308.946516,1624.348598,-11.417465,1484.6892,175.74268,1650.541,26.192383,-11.269294,0.14817142
CCC1=C(C)C(C)C(CC)=C1CC,1484.413255,1746.592312,-11.1929345,1622.4369,138.02368,1757.7402,11.147949,-11.125029,0.067905426
CCC1=C(C)C(C)C(CC)=[PH]1C,1174.2565935,1484.810195,-11.3220585,1238.4296,64.17297,1550.5292,65.718994,-11.513288,-0.19122887
CCC1=C(C)C(CC)=C1C(C)(C)C,1324.640055125,1512.695124625,-11.353611375,1371.6427,47.002686,1596.0404,83.34534,-11.484165,-0.1305542
CCC1=C(C)C(CC)=C1C(C)C,1466.420556,1612.51759,-11.232793,1428.5453,-37.875244,1599.6329,-12.884644,-11.180353,0.05243969
CCC1=C(C)C(CC)=C1CC,1342.6570496666666,1660.84165625,-11.327442130833331,1439.2222,96.56506,1736.9519,76.11023,-11.545285,-0.21784306
CCC1=C(C)C=C1,1377.132572,1664.657154,-11.311355,1365.7357,-11.396851,1612.6066,-52.050537,-11.336047,-0.024692535
CCC1=C(C)C=CC1C,1214.474216,1409.951825,-11.2592215,1263.6594,49.18518,1444.2721,34.320312,-11.330345,-0.07112408
CCC1=C(C)P=C1C,1088.486885625,1491.6307905,-11.24916025,1092.5022,4.015259,1494.8861,3.255371,-11.314516,-0.065356255
CCC1=C(CC)C(C(C)(C)C)=C1CC,1388.649206,1717.397108,-11.489816,1449.4248,60.775635,1750.0802,32.683105,-11.636274,-0.14645863
CCC1=C(CC)C(C(C)(C)CC)=C1CC,1206.942740166667,1497.7898443333331,-11.260145666666666,1216.5646,9.621826,1482.0592,-15.730591,-11.127175,0.13297081
CCC1=C(CC)C(C(C)C)=C1C,330.0,336.4656941,-6.77467925,679.70514,349.70514,911.2987,574.833,-9.001615,-2.2269354
CCC1=C(CC)C(C(C)C)C(CC)=C1C(C)C,1699.840142,1864.576257,-11.210821833333332,1654.0726,-45.767456,1781.567,-83.00928,-11.274516,-0.063694
CCC1=C(CC)C(C)=C1C,1378.9628018333333,1698.7413888333333,-11.238126833333332,1316.7244,-62.238403,1544.3181,-154.42322,-10.8813305,0.35679626
CCC1=C(CC)C(C)C(CC)=C1C,1525.4894023222223,1563.9477879111112,-10.739443305555556,1513.3652,-12.1241455,1613.3463,49.39856,-10.876989,-0.13754559
CCC1=C(CC)C(C)P=C1C,1538.2313455,1785.0162785,-10.91102175,1613.4712,75.23987,1807.8424,22.826172,-10.974614,-0.06359196
CCC1=C(CC)C(CC)=C(CC)B1C(C)(C)C,1732.487249,2111.38657,-11.236477,1846.7087,114.221436,2165.6162,54.229736,-11.2332115,0.0032653809
CCC1=C(CC)C(CC)=C1CC,1393.54837481,1659.9442402,-11.234069310666666,1381.217,-12.331299,1671.733,11.788818,-11.270923,-0.03685379
CCC1=C(CC)C(CC)C(C(C)C)=C1C(C)C,1580.6924575,1725.560127,-11.12929225,1586.1057,5.413208,1835.9945,110.434326,-11.213364,-0.08407116
CCC1=C(CC)C(CC)C(CC)=C1CC,1647.35368498,1762.64586582,-11.0478223742,1675.0193,27.66565,1764.6636,2.0177002,-11.033066,0.014756203
CCC1=C(CC)C(CC)P=C1C(C)C,1441.429371,1696.387132,-10.895276,1508.8578,67.42847,1706.0967,9.709595,-10.878603,0.016673088
CCC1=C(CC)[PH](C(C)C)=C(CC)C1CC,1018.332103,1425.233353,-11.257386,1105.4382,87.10614,1462.6202,37.38684,-11.17216,0.08522606
CCC1=C(CC)[PH](C)=C1CC,635.1824947,797.692805,-10.667339,731.51294,96.330444,885.52423,87.83142,-10.448302,0.21903706
CCC1=C(CC)[PH](CC)=C(CC)C1CC,1143.638225525,1440.8272957499998,-11.286074,1283.9866,140.34839,1568.0219,127.19458,-11.537881,-0.2518072
CCC1=C(CC)[PH](CC)=C1CC,460.6462758,251.9394338,-7.64113125,564.19604,103.549774,353.71973,101.78029,-8.200138,-0.5590067
CCC1=CC(C(C)(C)C)=C1,1272.217873,1627.128004,-11.1873385,1282.3075,10.0896,1618.7485,-8.379517,-11.129284,0.058054924
CCC1=CC(C)=C(C)C1,1512.624526,1546.510725,-11.479103,1503.4407,-9.183838,1562.4801,15.96936,-11.466014,0.01308918
CCC1=CC(C)=C(C)C1C,1455.7101535000002,1617.1960815,-11.21578575,1428.7183,-26.991943,1593.9727,-23.223389,-11.273144,-0.057357788
CCC1=CC(C)=C(CC)C1C,1431.722204,1613.982108,-11.321314,1368.5419,-63.180298,1594.4563,-19.525757,-11.321229,8.4877014e-05
CCC1=CC(C)=C1,1258.156466,1455.610034,-11.374333,1280.9939,22.837402,1455.2733,-0.33666992,-11.32198,0.052352905
CCC1=CC(C)=CC1C,1369.82659,1541.888984,-11.230538,1386.1068,16.280273,1526.0643,-15.824707,-11.294576,-0.06403732
CCC1=CC(CC)=C(CC)C1,1441.9268976923076,1720.106739,-11.297341884615385,1425.2577,-16.66919,1701.3402,-18.76648,-11.358999,-0.061656952
CCC1=CC(CC)=C1,1222.9821630833333,1412.3727580000002,-11.28607925,1213.1531,-9.829102,1413.2832,0.9104004,-11.248477,0.037602425
CCC1=CC(CC)=C1C,1085.600182,1513.629799,-11.255295,1112.6567,27.056519,1480.3289,-33.300903,-11.16217,0.09312439
CCC1=CC=C(CC)C1,1267.8457106666667,1467.5073466666663,-11.203399166666664,1287.4962,19.650513,1491.3265,23.819214,-11.166594,0.036805153
CCC1=CC=C(CC)C1C,1366.673347,1598.005812,-11.2293465,1324.4397,-42.233643,1551.6737,-46.332153,-11.296595,-0.067248344
CCC1=CC=C1,1206.2040744285714,1446.7786112857143,-11.193852714285711,1180.3961,-25.807983,1423.8713,-22.907227,-11.152038,0.041814804
CCC1=CC=CC1,1404.4048252272728,1563.6679327272725,-11.22563855681818,1409.8298,5.425049,1568.1652,4.4971924,-11.2453375,-0.019699097
CCC1=CC=CC1CC,1247.0434144,1454.3446586,-11.1757352,1226.9745,-20.06897,1433.92,-20.42456,-11.129205,0.046530724
CCC1=PC(C)C(CC)=C1CC,1463.552196,1799.52448,-10.821943,1523.2659,59.713623,1861.2754,61.750854,-10.935252,-0.11330891
CCC1=PC(CC)=C(C)C1C,1620.319491,1604.940279,-11.249215,1691.4226,71.10315,1668.2668,63.326538,-11.348788,-0.099573135
CCC1=PC(CC)=C1C(C)(C)C,1292.356807,1760.26634,-11.3839615,1363.042,70.68518,1801.3348,41.06848,-11.592482,-0.20851994
CCC1=PC(CC)=C1C(C)C,1498.787246,1770.783542,-11.1819385,1512.9711,14.183838,1792.645,21.86145,-11.228162,-0.04622364
CCC1=PC(CC)=C1CC,1072.3955787666666,1197.7973009999998,-10.752193464166666,1143.3654,70.96973,1267.8374,70.04016,-11.0360155,-0.28382206
CCC1=PC(CC)=P1,1294.8074078333332,1662.22317825,-11.251478,1316.7817,21.974365,1664.0487,1.8255615,-11.25294,-0.0014619827
CCC1=PC(CC)C(CC)=C1C(C)C,1411.576522,1777.630444,-11.0372405,1490.6165,79.03992,1804.7058,27.075317,-11.2762575,-0.23901749
CCC1=PC(CC)C(CC)=C1CC,1452.7115803333334,1760.4880010833333,-11.250613708333333,1516.2094,63.497803,1807.7341,47.246094,-11.282498,-0.031884193
CCC1=PC(CC)P=C1CC,1082.8305433785715,1361.0734517214285,-10.987098,1148.3381,65.50757,1428.9976,67.92407,-11.0674095,-0.080311775
CCC1=[PH](C(C)C)C(C(C)C)=C(C(C)C)C1CC,977.2972964,1249.010384,-11.145008,1016.47986,39.182556,1270.9814,21.97107,-11.048643,0.096364975
CCC1B2B1C2CC,1082.40747627,1234.97001838,-10.9317258,1063.2728,-19.134644,1200.69,-34.28003,-10.850678,0.08104706
CCC1C(C(C)C)=BC(C(C)C)=C1C(C)C,1430.647085,1673.136199,-11.496379,1461.1846,30.537476,1680.4816,7.345337,-11.489962,0.0064172745
CCC1C(C(C)C)=C(C(C)C)C(C(C)C)=C1C(C)C,1551.5369896666664,1754.0316433333337,-10.907214666666668,1541.3939,-10.143066,1741.3518,-12.67981,-10.851082,0.05613327
CCC=C(C)CC,1592.6140233333335,1751.6671990000002,-11.188130333333334,1597.4321,4.818115,1780.3219,28.654663,-11.19926,-0.011129379
CCC=CCC,1489.965618064516,1719.9255051612904,-11.22096635483871,1486.8082,-3.1573486,1733.9968,14.071289,-11.319413,-0.098446846
CCCC1=C(C)C(CC)=C1,1764.693167,2002.234561,-11.471037,1743.7645,-20.928589,1974.5559,-27.67871,-11.39064,0.08039665
CCCC1=CC(CCC)=C1CC,1570.9128695,1833.4458575,-11.391196,1590.1592,19.246338,1845.5498,12.104004,-11.380135,0.011061668
CCCc1c(C)c(C)c(C)c(C)c1C(C)C,1216.896622,1519.216053,-11.332219,1220.6357,3.7391357,1454.7079,-64.50818,-11.2491865,0.08303261
CCCc1c(C)c(C)c(CC)c(C)c1C(C)C,1222.147376,1364.346772,-11.279573,1227.9989,5.8515625,1391.8279,27.48108,-11.343505,-0.063931465
CCCc1c(C)c(CC)c(CC)c(C(C)C)c1C(C)C,1307.109496,1543.897726,-11.341578,1412.4045,105.295044,1661.7908,117.89307,-11.794273,-0.45269585
CCCc1c(C)c(CC)c(CC)c(C)c1C(C)C,1312.784867,1409.651559,-11.321293,1305.9779,-6.807007,1417.2568,7.6052246,-11.301647,0.01964569
CCCc1c(CC)c(CC)c(C(C)C)c(CCC)c1CC,89.6,17.22994248,-5.22132375,78.023315,-11.576683,-31.43689,-48.666832,-5.23442,-0.013095856
CCCc1c(CC)c(CC)c(CC)c(C(C)C)c1C(C)C,1230.765403,1488.881391,-11.36469,1138.6268,-92.13855,1354.52,-134.36133,-10.668952,0.69573784
CCCc1c(CC)c(CC)c(CC)c(CC)c1C(C)C,1342.630267,1541.688848,-11.461915,1308.0444,-34.585815,1572.6854,30.996582,-11.051477,0.41043758
CCCc1c(CC)c(CC)c(CC)c(CC)c1CC,205.8,332.0821849,-6.93973925,249.42932,43.62932,362.83704,30.754852,-6.9178166,0.021922588
CCCc1c(CC)c(CC)c(CC)c(CCC)c1CC,159.6,360.935624,-7.3894925,102.75879,-56.841217,289.13684,-71.7988,-6.892414,0.49707842
CCCc1c(CC)c(CCC)c(C(C)C)c(C(C)C)c1CC,74.2,17.22994248,-5.22132375,311.39203,237.19203,271.9425,254.71255,-6.794305,-1.5729809
CCCc1c(CCC)c(CCC)c(C(C)C)c(C(C)C)c1CC,176.4,180.9783319,-6.43550475,90.377075,-86.02292,49.43579,-131.54254,-5.5725913,0.8629136
CC[C@H](C)c1c(C(C)C)c(C(C)C)c(C(C)C)c(C(C)C)c1C(C)C,1297.3673565,1640.77910275,-11.235391625,1377.8041,80.43677,1638.2789,-2.500122,-11.1010685,0.13432312
CCc1[pH]c(CC)c(C(C)C)c1C(C)C,1310.8569225,1620.8589510000002,-11.425233,1321.3395,10.482544,1626.1951,5.3360596,-11.412333,0.0129003525
CCc1c(C(C)C)c(C(C)C)c(C(C)(C)C)c(CC)c1C(C)(C)C,196.12727272727275,177.6178046309091,-6.2810198409090905,303.6068,107.47954,232.46448,54.84668,-6.5828605,-0.30184078
CCc1c(C(C)C)c(C(C)C)c(C(C)C)c(C(C)C)c1C(C)(C)C,1550.620937972,1781.599662848,-10.334673825,1534.513,-16.108032,1729.4141,-52.185547,-10.583265,-0.24859142
CCc1c(C(C)C)c(C(C)C)c(C(C)C)c(C(C)C)c1C(C)C,1260.4353054633332,1508.4395555800002,-10.140385041666669,1264.5378,4.102539,1548.572,40.132446,-10.279416,-0.13903141
CCc1c(C(C)C)c(C(C)C)c(C(C)C)c(C(C)C)c1C(C)CC,1297.768446,1665.069518,-11.0888675,1337.2013,39.43286,1653.791,-11.278442,-10.950128,0.13873959
CCc1c(C(C)C)c(C(C)C)c(CC)c(C(C)C)c1C(C)C,1452.5280839999998,1778.8854608333334,-11.273463833333333,1516.7714,64.243286,1783.6718,4.786255,-11.170179,0.103284836
CCc1c(C(C)C)c(C)c(C(C)C)c(CC)c1C(C)C,1222.9541095,1575.53220675,-11.23010625,1399.6016,176.64746,1702.1091,126.576904,-11.246145,-0.016038895
CCc1c(C(C)C)c(CC)c(C(C)C)c(C(C)C)c1C(C)C,1363.78781075,1473.43014625,-11.0211889375,1338.1787,-25.60913,1554.677,81.246826,-11.019365,0.0018234253
CCc1c(C)c(C(C)C)c(C(C)(C)C)c(CC)c1C(C)(C)C,88.2,124.4560999,-6.3020895,73.02869,-15.17131,161.98132,37.525223,-6.2639427,0.038146973
CCc1c(C)c(C(C)C)c(C(C)C)c(C(C)C)c1CC,1827.020135,2172.609061,-11.2171635,1608.5258,-218.49438,1955.0272,-217.58191,-11.450659,-0.23349571
CCc1c(C)c(C(C)C)c(C(C)C)c(CC)c1CC,1836.493919,2228.722753,-11.107926,1554.3202,-282.1737,1858.7158,-370.00684,-11.072489,0.035437584
CCc1c(C)c(C(C)C)c(C)c(C)c1C(C)C,1512.987773,1773.32004,-11.1504015,1399.9851,-113.002686,1665.6759,-107.644165,-11.248133,-0.09773159
CCc1c(C)c(C(C)C)c(CC)c(C(C)C)c1CC,1185.227628,1442.88879,-11.29194,1412.6367,227.40906,1727.377,284.48816,-10.809449,0.48249054
CCc1c(C)c(C(C)C)c(CC)c(CC)c1CC,1250.348302,1404.8794350966666,-9.481039833333334,1209.5369,-40.8114,1369.1416,-35.737793,-9.810178,-0.3291378
CCc1c(C)c(C)c(C(C)(C)C)c(C)c1C(C)(C)C,49.0,40.35286676,-5.709528,153.72388,104.72388,88.91528,48.562416,-5.912402,-0.20287418
CCc1c(C)c(C)c(C(C)(C)C)c(CC)c1C(C)(C)C,208.6,373.7952659,-6.699178,276.97217,68.37216,524.97064,151.17538,-7.2824,-0.5832219
CCc1c(C)c(C)c(C(C)C)c(C)c1C,1516.04009,1684.8087,-11.1837375,1091.894,-424.146,1359.9027,-324.906,-10.359705,0.8240328
CCc1c(C)c(C)c(C(C)C)c(C)c1C(C)C,1229.550469,1504.200067,-11.232585,1262.4084,32.858032,1473.8969,-30.303223,-10.638322,0.5942631
CCc1c(C)c(C)c(C(C)C)c(CC)c1C,1296.349254,1701.294093,-11.36983,1431.2476,134.89832,1769.437,68.142944,-11.867997,-0.49816704
CCc1c(C)c(C)c(C(C)C)c(CC)c1C(C)C,1171.974511,1479.283282,-11.3519,1367.9254,195.95093,1665.2643,185.98096,-11.46057,-0.108670235
CCc1c(C)c(C)c(C(C)C)c(CC)c1CC,165.2,209.5864453,-5.8456515,621.4394,456.23938,769.43524,559.8488,-7.981903,-2.1362514
CCc1c(C)c(C)c(C)c(C(C)(C)C)c1C,147.0,22.22033146,-5.5564095,224.92041,77.92041,123.36548,101.14515,-5.926124,-0.36971474
CCc1c(C)c(C)c(C)c(C(C)C)c1CC,219.8,329.815432,-7.34785725,69.73694,-150.06306,146.32349,-183.49194,-6.7536106,0.59424686
CCc1c(C)c(C)c(C)c(C)c1C,960.328457051282,1106.0568260202565,-9.130556192307694,1153.4153,193.08685,1269.8563,163.79944,-9.464206,-0.33364964
CCc1c(C)c(C)c(C)c(C)c1C(C)C,249.2,227.2524605,-6.50317775,557.6744,308.47437,748.09705,520.8446,-8.705482,-2.202304
CCc1c(C)c(C)c(C)c(C)c1CC,1492.75546875,1779.1232835,-11.29661025,1485.0363,-7.7192383,1709.9869,-69.13635,-11.357181,-0.060570717
CCc1c(C)c(C)c(C)c(CC)c1C,638.7367965,787.52058874,-8.236432375,855.3326,216.59576,999.53174,212.01117,-8.866869,-0.6304369
CCc1c(C)c(C)c(C)c(CC)c1CC,1416.891466,1669.436121,-11.311276166666666,1477.3387,60.447266,1759.7633,90.32715,-11.486272,-0.17499542
CCc1c(C)c(C)c(CC)c(C(C)C)c1C,1190.301434,1506.640836,-11.233478,1091.5005,-98.8009,1382.2585,-124.382324,-10.623232,0.6102457
CCc1c(C)c(C)c(CC)c(C)c1C,1003.994611923077,1129.74121372,-9.309977694615386,1030.0562,26.061523,1197.146,67.404785,-9.441815,-0.13183784
CCc1c(C)c(C)c(CC)c(CC)c1CC,1341.9658304,1664.4821406,-11.334807,1383.6946,41.72876,1634.346,-30.13623,-10.717864,0.61694336
CCc1c(C)c(CC)c(C(C)(C)C)c(CC)c1C(C)(C)C,207.2,654.0935185,-7.0813835,355.6546,148.4546,747.733,93.639465,-7.444957,-0.36357307
CCc1c(C)c(CC)c(C(C)C)c(C)c1CC,1802.475003,2076.484471,-11.4814405,1485.3708,-317.10413,1714.876,-361.6084,-10.661262,0.820179
CCc1c(C)c(CC)c(C(C)C)c(CC)c1C,1532.124171,1770.384716,-11.406751,1586.4503,54.32617,1869.2524,98.867676,-11.722236,-0.315485
CCc1c(C)c(CC)c(C(C)C)c(CC)c1CC,1558.486954,1771.870059,-10.946129,1486.9641,-71.52283,1648.2489,-123.621216,-10.400372,0.5457573
CCc1c(C)c(CC)c(CC)c(C)c1CC,1055.44011525,1075.195890665,-8.84306679875,1242.7904,187.35034,1378.4673,303.27136,-9.880875,-1.0378075
CCc1c(C)c(CC)c(CC)c(CC)c1CC,1293.379349,1487.48501155,-10.523729875,1208.176,-85.20337,1342.8652,-144.61975,-9.929673,0.5940571
CCc1c(C)cc(C)c(C)c1C,49.0,17.22994248,-5.22132375,64.971924,15.971924,3.1811523,-14.04879,-5.1186795,0.10264444
CCc1c(CC)c(C(C)(C)C)c(CC)c(C(C)(C)C)c1C(C)C,72.8,17.22994248,-5.22132375,56.243286,-16.556717,9.294189,-7.935753,-5.4222994,-0.20097542
CCc1c(CC)c(C(C)C)c(C(C)(C)C)c(CC(C)C)c1C(C)C,1457.465853,1613.604986,-11.298945,1430.9885,-26.477295,1632.1917,18.58667,-11.24981,0.049135208
CCc1c(CC)c(C(C)C)c(C(C)C)c(C(C)(C)C)c1CC,211.4,281.5550794,-7.04207675,679.0641,467.6641,763.207,481.6519,-8.6173725,-1.5752959
CCc1c(CC)c(C(C)C)c(C(C)C)c(C(C)C)c1C(C)C,1424.30773425,1692.97214425,-11.160007375,1532.5259,108.21814,1811.846,118.87378,-11.072357,0.0876503
CCc1c(CC)c(C(C)C)c(C(C)C)c(C(C)C)c1CC,1306.3551833757142,1492.122805977143,-10.094186910714283,1513.645,207.2898,1729.1749,237.05212,-10.844398,-0.75021076
CCc1c(CC)c(C(C)C)c(C(C)C)c(CC(C)C)c1C(C)C,1356.40414725,1654.1138785,-11.3636774375,1398.328,41.92383,1624.8015,-29.312378,-11.518319,-0.1546421
CCc1c(CC)c(C(C)C)c(C(C)C)c(CC)c1C(C)C,1669.6092995,1924.60503075,-11.163674625,1515.902,-153.70728,1730.0569,-194.5481,-10.888697,0.27497768
CCc1c(CC)c(C(C)C)c(CC)c(C(C)C)c1CC,618.0,676.3667733,-8.3969305,1091.4121,473.4121,1179.1094,502.7426,-9.102671,-0.70574
CCc1c(CC)c(C(C)C)c(CC)c(C)c1C(C)C,1504.768531,1770.783542,-11.1838645,1407.1434,-97.62512,1721.5305,-49.25305,-10.807425,0.37644005
CCc1c(CC)c(C(C)C)c(CC)c(CC)c1C(C)C,1643.1535803333334,1927.0710653333333,-11.138580666666668,1368.495,-274.65857,1508.8223,-418.24878,-10.459532,0.67904854
CCc1c(CC)c(CC)c(C(C)C)c(C(C)C)c1CC,1224.5554748,1306.120800818,-9.712821,1374.9382,150.38281,1516.1501,210.0293,-10.493588,-0.78076744
CCc1c(CC)c(CC)c(C(C)C)c(CC)c1CC,1265.2926662125,1341.198379699375,-10.0314158125,1235.456,-29.83667,1303.9053,-37.29309,-10.0314245,-8.583069e-06
CCc1c(CC)c(CC)c(CC)c(CC)c1CC,920.4448046777776,1052.796169171389,-9.26042163888889,994.47095,74.02612,1113.6145,60.81836,-9.398932,-0.1385107
CCc1c(CC)c(CC)c([C@@H](C)CC)c(C(C)C)c1CC,1311.600492,1483.067709,-11.445189,1170.2684,-141.33203,1384.1036,-98.96411,-10.877577,0.56761265
CCc1c(CC)c([C@@H](C)CC)c(C(C)C)c(C(C)C)c1C(C)C,1492.813685,1745.49045,-11.0593775,1528.7336,35.91992,1767.3643,21.87378,-11.253811,-0.19443321
CCc1cc(C)c(C)c(C)c1C,1345.5479356666667,1552.7502871666666,-11.1784495,1295.9872,-49.56079,1491.051,-61.69922,-10.941297,0.23715305
CCc1cc(C)c(CC)c(C)c1C,1513.430964,1763.93065,-11.401304,1485.1558,-28.275146,1718.456,-45.47461,-11.294613,0.10669136
CCc1cc(C)cc(C)c1C,1236.173228,1522.988969,-11.379688,1244.4226,8.24939,1525.2119,2.2229004,-11.397241,-0.017552376
CCc1cc(C)ccc1C,1206.205014,1440.976856,-11.35739,1127.394,-78.81091,1310.777,-130.19983,-10.58271,0.77468014
CCc1cc(CC)c(C)c(CC)c1,1447.421807,1621.082437,-11.339394,1433.2686,-14.153198,1635.671,14.588623,-11.395302,-0.055908203
CCc1cc(CC)c(C)c(CC)c1C,1486.36598,1685.151343,-11.1912245,1480.8555,-5.510498,1666.7327,-18.418701,-11.196805,-0.005580902
CCc1cc(CC)cc(CC)c1,1235.3721026,1517.7108952,-11.2656868,1278.6403,43.26819,1530.0153,12.304321,-11.34803,-0.0823431
CCc1ccc(C)c(C)c1,696.771071,726.681648045,-8.27160875,752.9617,56.190613,840.22107,113.53943,-8.904472,-0.632864
CCc1ccc(C)cc1,951.2874176,1124.824449989,-9.859633775,924.02527,-27.262146,1113.2319,-11.592529,-9.920581,-0.06094742
CCc1ccc(C)cc1C,1049.010411675,1255.164661925,-10.0643835,998.9677,-50.042664,1197.4502,-57.714478,-10.019385,0.04499817
CCc1ccc(C2=C(c3ccc(CC)cc3)C(c3ccc(CC)cc3)C(c3ccc(CC)cc3)=C2c2ccc(CC)cc2)cc1,1078.225937,1255.26082,-10.739759,1066.5737,-11.652222,1226.2719,-28.989014,-10.675055,0.064704895
CCc1ccc(CC)cc1,1330.0534745999998,1561.954113,-11.2487259,1290.5228,-39.53064,1551.5474,-10.406738,-11.163006,0.08572006
CCc1ccccc1,1086.2493659,1347.521121633,-10.448141741666666,1049.5767,-36.67273,1310.4225,-37.098633,-10.278677,0.16946507
CCc1ccccc1C,1396.79372,1600.270081,-11.1656035,1374.4427,-22.350952,1574.9321,-25.338013,-11.1325445,0.03305912
C[PH]1=CCC=C1,1040.777882,1365.184399,-11.253743,1035.3237,-5.4541016,1362.14,-3.0444336,-11.247642,0.0061016083
C[Si](C)(Oc1cccc2ccccc12)C([Si](C)(C)Oc1cccc2ccccc12)[Si](C)(C)Oc1cccc2ccccc12,193.5553298,292.6359194,-6.393991,248.87994,55.324615,365.83044,73.19452,-6.6058064,-0.21181536
C[Si](N[Si](C)(C1CCCCC1)C1CCCCC1)(C1CCCCC1)C1CCCCC1,1978.0843115,2056.659816,-11.103029583333331,2042.1423,64.05798,2090.234,33.573975,-11.115373,-0.012343407
Cc1c(C(C)C)ccc(C(C)C)c1C,1475.780167,1697.48869,-11.1668695,1491.8527,16.07251,1728.8257,31.337036,-11.224506,-0.057637215
Cc1c(C)c(C(C)(C)C)c(C)c(C(C)(C)C)c1C,106.4,249.8249591,-6.68105675,472.0097,365.6097,616.57654,366.7516,-7.684641,-1.0035839
Cc1c(C)c(C(C)(C)C)c(C)c(C)c1C(C)(C)C,1865.6258,2125.404329,-11.294363,675.0288,-1190.597,849.9275,-1275.4768,-8.492592,2.8017712
Cc1c(C)c(C(C)C)c(C)c(C(C)(C)C)c1C,89.6,17.22994248,-5.22132375,138.48596,48.885963,204.33643,187.10648,-6.03817,-0.8168459
Cc1c(C)c(C(C)C)c(C)c(C)c1C(C)C,1284.194755,1620.85976,-11.366673,1386.8955,102.700806,1651.3794,30.519653,-11.456123,-0.08944988
Cc1c(C)c(C)c(C(C)(C)C)c(C)c1C,158.2,76.11063111,-5.4133095,329.13226,170.93227,212.06116,135.95053,-5.8450904,-0.43178082
Cc1c(C)c(C)c(C(C)C)c(C)c1C,1223.6645113333334,1432.9898304333335,-10.9556294375,1260.455,36.790405,1519.748,86.75818,-11.080539,-0.1249094
Cc1c(C)c(C)c(C)c(C)c1C,672.5249743714285,785.9117121461428,-8.018841646428571,771.58545,99.060486,918.9112,132.99951,-8.576968,-0.55812645
Cc1cc(C(C)(C)C)cc(C)c1C,88.2,45.88024332,-5.764867,75.25427,-12.9457245,31.551758,-14.328487,-5.734464,0.03040266
Cc1cc(C(C)C)c(C)c(C)c1C,1519.764467,1773.32004,-11.1270275,1504.6719,-15.092651,1753.3097,-20.010376,-11.1727,-0.045672417
Cc1cc(C(C)C)c(C)c(C)c1C(C)C,1317.671403,1705.552381,-11.140223,1334.8325,17.161133,1727.1371,21.584717,-11.218671,-0.078448296
Cc1cc(C(C)C)cc(C)c1C,1447.858089,1621.082437,-11.354631,1436.8835,-10.974487,1609.463,-11.619385,-11.409894,-0.055262566
Cc1cc(C(C)C)ccc1C(C)C,1431.597927,1680.138641,-11.2387145,1445.467,13.869141,1713.6682,33.52954,-11.29838,-0.05966568
Cc1cc(C)c(C)c(C)c1C,1203.9810055882351,1385.61680783,-10.025104102941176,1168.726,-35.255005,1339.5134,-46.103394,-9.9377365,0.08736801
Cc1cc(C)cc(C)c1,57.60000000000001,17.903119225714285,-5.263443964285714,85.33386,27.733864,42.887817,24.984697,-5.3876557,-0.12421179
Cc1ccc(C(C)(C)C)cc1,127.4,132.0758943,-5.61906975,104.28943,-23.110573,120.76233,-11.313568,-5.5436835,0.07538605
Cc1ccc(C(C)(C)C)cc1C,100.8,19.58606109,-5.3713695,49.933838,-50.866165,-29.284302,-48.87036,-5.1773834,0.19398594
Cc1ccc(C(C)C)cc1C,1412.647442,1609.168992,-11.1049555,1431.1223,18.474854,1626.8137,17.644775,-11.171509,-0.066553116
Cc1ccc(C)c(C)c1,1191.5063948428572,1398.779338908,-10.017116042857143,1153.8389,-37.66748,1384.2434,-14.535889,-9.943826,0.07328987
Cc1ccc(C)c(C)c1C,103.95,37.7246495125,-5.340574125,126.90796,22.957962,75.59326,37.86861,-5.5321236,-0.1915493
Cc1ccc(C)cc1,1058.5012262580644,1169.05201067,-9.651256019580646,1025.1477,-33.353516,1147.8645,-21.1875,-9.516088,0.13516808
Cc1cccc(C)c1C,22.4,17.22994248,-5.22132375,21.544678,-0.8553219,5.5289307,-11.701012,-5.3443747,-0.12305069
Cc1ccccc1,1017.9366645,1173.6392055933334,-9.507277402777778,1006.5735,-11.363159,1147.9583,-25.680908,-9.459239,0.048038483
Cc1ccccc1C,1120.8491498333333,1316.049989913333,-10.228890791666666,1132.7694,11.920288,1350.0402,33.990112,-10.274175,-0.04528427
P1=PP=P1,911.8686438,1242.51284,-11.184727,931.76935,19.900696,1259.7264,17.213623,-11.244363,-0.059636116
[pH]1[pH][pH][pH][pH]1,1317.3599381538463,1456.287898823077,-10.922653316153848,1331.3953,14.035278,1446.7292,-9.558594,-10.923054,-0.0004005432
c1ccc([Si](N[Si](c2ccccc2)(c2ccccc2)c2ccccc2)(c2ccccc2)c2ccccc2)cc1,2121.202801,2171.970921,-10.8871975,2127.8105,6.607666,2182.9358,10.964844,-10.911167,-0.02396965
c1ccccc1,716.430252321875,868.74697855875,-8.6728042734375,738.9914,22.561157,873.3548,4.607849,-8.713276,-0.04047203
B1=CC=BC1,488.0599302,924.119855,-10.0629025,515.44727,27.38733,940.28796,16.16809,-10.152153,-0.089250565
C1=CCC=C1,1337.5610082666667,1544.5586260809523,-11.208399226190476,1317.669,-19.89209,1526.5338,-18.02478,-11.1934805,0.014918327
C1CCC(C2=C(C3CCCCC3)C(C3CCCCC3)=C2C2CCCCC2)CC1,1073.504238966667,1381.2884373333334,-11.151341166666668,1085.8229,12.3186035,1395.8234,14.534912,-11.173598,-0.022256851
CC(=CC(C)(C)C)C(C)(C)C,1485.528825,1684.675867,-11.291369,1468.0532,-17.475586,1642.8523,-41.82361,-11.285705,0.0056648254
CC(C)(C)C1=PC(C(C)(C)C)=P1,1235.2438505,1592.176067125,-11.228763875,1194.4062,-40.837646,1540.0896,-52.086426,-11.196917,0.031847
CC(C)(C)C1=PC(C(C)(C)C)C(C(C)(C)C)=C1C(C)(C)C,1304.683606,1739.5289266666666,-11.323678333333334,1352.0029,47.319336,1759.9613,20.432373,-11.690954,-0.3672762
CC(C)C1=C(C(C)(C)C)B=C(C(C)(C)C)C1C(C)C,1171.7733137,1497.9952483333334,-11.222479333333334,1201.1309,29.357544,1561.5918,63.596558,-11.237259,-0.014780045
CC(C)C1=C(C(C)(C)C)C(C(C)(C)C)=C(C(C)(C)C)C1C(C)(C)C,1223.816575,1556.730775666667,-11.405197666666666,1259.98,36.163452,1593.0812,36.35034,-11.47984,-0.07464218
CC(C)C1=C(C(C)(C)C)P=C(C(C)(C)C)C1C(C)C,1463.4575395000002,1770.7038955,-11.07919075,1503.9053,40.447754,1819.1504,48.446533,-11.242035,-0.1628437
CC(C)C1=C(C(C)C)C(C(C)(C)C)=C1C(C)C,1421.23374475,1635.60133375,-11.20724625,1472.2245,50.990723,1696.9258,61.324463,-11.085032,0.12221336
CC(C)C1=C(C(C)C)C(C(C)C)C(C(C)(C)C)=C1C(C)(C)C,1506.9300426666666,1681.9908073333334,-11.283155666666667,1602.1133,95.18323,1692.8741,10.883301,-11.120467,0.16268826
CC(C)C1=C(C(C)C)C(C(C)C)C(C(C)C)=C1C(C)C,1678.400470171875,1707.43088696875,-10.947190421875,1731.3837,52.983154,1739.7148,32.283936,-10.92559,0.021600723
CC1=BC(C)=B1,1482.6730490999998,1690.5581485,-11.1048575,1461.1487,-21.524414,1633.4021,-57.156006,-10.954063,0.15079403
CC1=BC(C)C(C(C)(C)C)=C1C(C)(C)C,1380.540868,1466.513187,-11.31146,1410.3501,29.809204,1493.686,27.172852,-11.36909,-0.05763054
CC1=C(C(C)(C)C)C(C(C)(C)C)=C1C(C)C,1208.324919,1587.011126,-11.453297,1218.3417,10.016724,1573.6863,-13.324829,-11.282247,0.17105007
CC1=C(C(C)(C)C)C(C(C)(C)C)C(C)=C1C(C)(C)C,1636.4608396666663,1631.9767006666668,-10.923120833333334,1546.1154,-90.34546,1648.1654,16.18872,-11.025509,-0.10238838
CC1=C(C(C)(C)C)P=C(C(C)(C)C)C1C,1538.9737841666663,1666.6093111666669,-11.083290583333332,1553.006,14.032227,1656.7028,-9.906494,-11.13846,-0.055169106
CC1=C(C(C)C)C(C(C)(C)C)C(C(C)(C)C)=C1C(C)(C)C,1144.920342,1589.043648,-11.419038,1222.3158,77.39551,1546.5648,-42.47888,-11.30501,0.11402798
CC1=C(C(C)C)C(C)C(C(C)(C)C)=C1C(C)(C)C,1116.681226,1284.295598,-10.960545,1376.4471,259.76587,1558.6289,274.33325,-10.848988,0.11155701
CC1=CC(C)=C1,1341.1903068695651,1524.2776002608696,-11.119813549565215,1332.8325,-8.357788,1515.944,-8.333618,-11.102818,0.016996384
CC1=CC=C(C)C1C,1394.939931785,1540.7619749,-11.163910875,1390.342,-4.5979004,1547.3063,6.5443115,-11.194033,-0.030121803
CC1=PC(C)=C1C(C)C,1216.74112975,1578.29221625,-11.132978,1236.1207,19.379639,1593.4724,15.180176,-11.128725,0.0042533875
CCB1C(C)=C(C)C(C)=C1C,1750.6544425,2073.944776,-11.4511135,1839.6394,88.984985,2121.4963,47.551514,-11.4905,-0.03938675
CCC(=C(CC)C(C)C)C(C)C,1281.8383952646154,1530.9298076123075,-10.29112123076923,1373.967,92.12866,1581.912,50.982178,-10.379419,-0.088297844
CCC1=BC(CC)=C1C(C)(C)C,931.36540035,859.55098545,-9.8352495,1001.08374,69.71832,917.439,57.88806,-10.011963,-0.17671299
CCC1=BC(CC)C(C(C)(C)C)=C1C(C)(C)C,1330.16012,1531.8330875,-11.3996995,1384.982,54.8219,1634.7158,102.88269,-11.660463,-0.26076412
CCC1=C(C(C)(C)C)C(C(C)C)C(CC)=C1C(C)C,1559.832078,1660.891929,-10.834213,1607.5492,47.717163,1646.1332,-14.758789,-10.656816,0.17739773
CCC1=C(C(C)(C)C)C(C)=C(C(C)(C)C)C1C(C)(C)C,1747.713515,1765.4702093333333,-10.864274666666669,1519.1439,-228.56958,1703.8645,-61.605713,-11.102501,-0.23822594
CCC1=C(C)C(C)=C(CC)C1C,1621.852134818182,1795.811000181818,-11.183917136363636,1544.3224,-77.529785,1765.841,-29.970093,-11.303507,-0.119589806
CCC1=C(CC)C(C)B=C1C,1384.912050888889,1590.379172888889,-11.376373055555556,1433.0599,48.147827,1630.1396,39.760498,-11.62346,-0.24708652
CCC1=C(CC)C(CC)C(C(C)C)=C1CC,1497.913962111111,1685.7789529444444,-11.201615833333332,1457.7048,-40.209106,1656.76,-29.01892,-11.238254,-0.036637306
CCC1=C(CC)C(CC)C(CC)=C1C,1647.3511320833334,1750.77660175,-11.077731416666666,1694.6455,47.294434,1798.4377,47.661133,-11.200993,-0.12326145
CCC1=CC(C)=C(C)C1CC,1267.509331,1499.89832,-11.2113625,1300.6085,33.099243,1550.4856,50.58728,-11.2757435,-0.064380646
CCC1=CC(C)=CC1CC,1245.494993,1499.89832,-11.2004425,1249.1025,3.607544,1495.643,-4.255371,-11.199941,0.0005016327
CCC1=CC(CC)=C(CC)C1CC,1332.926578,1638.942564,-11.446789,1312.9185,-20.008179,1585.562,-53.380493,-11.4144,0.032388687
CCC1=CC=CC1C,1328.32788,1483.213428,-11.258716,1310.4348,-17.893066,1491.0896,7.8762207,-11.347829,-0.089113235
CCCc1c(C)c(CC)c(CC)c(CC)c1C(C)C,1301.886304,1540.869294,-11.363183,1420.0219,118.1355,1588.2797,47.4104,-11.751435,-0.38825226
CCc1c(C)c(C(C)C)c(CC)c(C)c1C(C)C,1516.132612,1766.865974,-11.2298805,1413.4304,-102.70215,1709.3037,-57.562256,-11.3391075,-0.10922718
CCc1c(C)c(C)c(CC)c(CC)c1C,1136.0367018571428,1377.0863321564286,-10.354206885,1405.7122,269.6754,1650.6931,273.6068,-10.958493,-0.6042862
CCc1c(C)c(CC)c(CC)c(CC)c1C,835.5804395,895.728060045,-8.18811425,995.43384,159.8534,1024.4425,128.71442,-8.608284,-0.42016983
CCc1c(CC)c(C(C)C)c(C(C)C)c([C@@H](C)CC)c1CC,1356.548788,1571.923748,-11.467516,1075.4203,-281.12854,1227.2972,-344.62646,-9.964589,1.5029268
CCc1cc(C)c(C)cc1C,737.9374625,771.6935475516667,-8.182850166666666,680.6592,-57.27826,703.0209,-68.67267,-8.170356,0.012494087
CCc1ccc(C)c(C)c1C,1338.640581,1510.189284,-11.23281,1287.7186,-50.921997,1468.7186,-41.470703,-11.089002,0.14380836
CCc1cccc(C)c1,1218.7095535,1439.205072,-11.291904,1215.7356,-2.973999,1423.8978,-15.307251,-11.249442,0.04246235
Cc1c(C)c(C(C)(C)C)c(C)c(C)c1C(C)C,82.55981048,143.7771204,-5.42781675,131.19678,48.63697,186.31396,42.53685,-5.9452734,-0.51745653
Cc1cc(C)c(C)cc1C,1090.2552508571428,1271.392094922857,-9.481769714285717,1095.0641,4.808838,1263.3066,-8.085449,-9.410234,0.07153511
c1ccc(C(=C(c2ccccc2)c2ccccc2)c2ccccc2)cc1,828.0708622,1181.719631,-10.9437745,836.1085,8.037659,1188.4568,6.7371826,-11.057923,-0.11414909
C1=C(C2CCCCC2)C=C(C2CCCCC2)C1,1303.509753,1530.852787,-11.398754,1308.0402,4.5303955,1529.3356,-1.5172119,-11.35305,0.045703888
C1=C[PH2]=CC1,903.2298323,1333.0606369999998,-10.94525275,907.5268,4.296936,1322.5176,-10.543091,-10.948652,-0.003399849
C1=PCP=C1,689.7370629,720.3639798,-9.27168825,700.93024,11.193176,722.037,1.6730347,-9.307072,-0.035383224
C1CCC(C(C2CCCCC2)C(C2CCCCC2)C2CCCCC2)CC1,1118.350873,1679.043521,-11.413177,1143.5964,25.245605,1701.7947,22.751099,-11.543096,-0.12991905
C=C(C)C,1839.4653076666664,2109.681853,-11.286078416666667,1839.524,0.05871582,2119.1768,9.494873,-11.310274,-0.024195671
C=CC,1439.867691489796,1687.912890081633,-11.191642186530611,1434.4409,-5.426758,1672.1035,-15.809326,-11.2260065,-0.0343647
CC(C)(C)C1=BC(C(C)(C)C)=CC1,1025.740923,1366.169313,-11.276387,991.58997,-34.151,1333.7836,-32.385742,-11.188984,0.0874033
CC(C)(C)C1=BC(C(C)(C)C)B=C1C(C)(C)C,867.5269396538462,1153.1413265630767,-10.258365096153844,895.4619,27.934998,1114.1099,-39.031494,-10.335318,-0.076952934
CC(C)(C)C1=BC(C(C)(C)C)C(C(C)(C)C)=C1C(C)(C)C,1302.1869284666668,1625.0267745800002,-11.346010383333333,1363.253,61.066162,1674.151,49.124268,-11.458179,-0.112169266
CC(C)(C)C1=PC(C(C)(C)C)=C1C(C)(C)C,1233.940738031579,1270.6241968578947,-10.610521684210523,1208.507,-25.433838,1294.9927,24.36853,-10.655546,-0.04502487
CC(C)=C(C)C,1613.3529034161288,1844.4691588435485,-11.11651797983871,1595.8219,-17.531006,1861.6276,17.158447,-10.996899,0.11961937
CC(C)C1=BC(C(C)C)=C1C(C)(C)C,1030.281654,805.0720587,-9.68066525,1035.0,4.718384,825.26227,20.190186,-9.769167,-0.08850193
CC(C)c1ccc(C(C)C)cc1,1196.3384305,1520.3011315,-11.211085166666669,1230.3904,34.052002,1553.3844,33.083252,-11.234273,-0.023187637
CC1=BC(C)=C1C(C)C,1013.26898734,696.38061146,-9.9664209,1019.9652,6.696228,718.73676,22.35614,-9.962644,0.003777504
CC1=C(C(C)(C)C)B=C(C(C)(C)C)C1C,1229.5159105,1546.31005625,-11.336293,1242.8341,13.318237,1543.484,-2.8260498,-11.313088,0.023204803
CC1=C(C(C)(C)C)C(C(C)(C)C)=C(C(C)(C)C)C1C(C)(C)C,1174.930464,1525.7273674,-11.402635,1334.7117,159.78125,1600.4198,74.69238,-11.3750725,0.027562141
CC1=C(C(C)(C)C)C(C(C)(C)C)=C(C)C1C(C)(C)C,1672.192059,1751.350512,-10.9426545,1552.3429,-119.84912,1645.052,-106.29846,-10.991557,-0.04890251
CC1=C(C)C(C(C)(C)C)C(C)=C1C(C)(C)C,2174.8949375,2137.9381925,-10.99678025,1765.5159,-409.37915,1785.6368,-352.3014,-10.888858,0.107922554
CC1=C(C)C(C(C)C)=C1C,1172.15944036,1483.540114,-11.2279494,1092.505,-79.65442,1384.0156,-99.524536,-10.994468,0.2334814
CC1=C(C)C(C)=C(C)B1C(C)(C)C,2761.264439,1593.550355,-9.935181333333333,2842.577,81.3125,1643.626,50.07556,-9.929753,0.005428314
CC1=C(C)C(C)C(C(C)(C)C)=C1C,1197.9445685714286,1453.6357512857144,-11.199549642857145,1256.9188,58.974243,1528.6494,75.01367,-11.082278,0.11727142
CC1=CC=CC1C,1406.1994375294116,1597.1621260588236,-11.20284038235294,1402.6841,-3.5153809,1584.5808,-12.581299,-11.192006,0.010834694
CC=CC(C)(C)C,1718.6616008,1768.0890616000002,-11.1108784,1715.3402,-3.3214111,1775.6366,7.5474854,-11.160795,-0.04991722
CCC(=C(C)C(C)(C)C)C(C)(C)C,1357.807758,1684.603287,-11.18702525,1318.3677,-39.440063,1670.3899,-14.213379,-11.25458,-0.067554474
CCC(C)(C)C1=C(C(C)C)C(C(C)C)=C1C(C)C,1217.1277696666666,1622.130053,-11.276951,1283.2435,66.11572,1647.4263,25.296265,-11.068998,0.2079525
CCC(C)=C(C)C(C)C,1869.6794736,2052.7944706000003,-11.1638607,1787.3716,-82.30786,1987.235,-65.55945,-11.110553,0.053307533
CCC(C)=C(C)CC,1538.220529209167,1736.8366925404168,-10.505906697916666,1550.0916,11.870972,1756.3041,19.467407,-10.439174,0.06673336
CCC1=C(C(C)C)C(C(C)C)=C(CC)B1C(C)C,1732.487249,2111.38657,-11.236477,1738.8274,6.340088,2087.0422,-24.344238,-11.344538,-0.10806084
CCC1=C(C(C)C)C(C(C)C)=C1CC,1439.747309,1856.78500575,-11.04399275,1271.8965,-167.85083,1595.98,-260.80505,-10.318665,0.72532845
CCC1=C(C)C(C)C(CC)=C1C,1404.638886,1767.513037,-11.367169,1542.1147,137.47583,1778.9111,11.398071,-11.26816,0.099009514
CCC1=C(C)C(CC)=C1C,1351.9230453333334,1616.1121285555555,-11.156910277777778,1354.0629,2.1397705,1618.0186,1.9063721,-11.176034,-0.019124031
CCC1=C(C)C=C(C)C1C,1263.966613,1499.89832,-11.2178525,1246.1575,-17.809082,1491.1318,-8.7664795,-11.127497,0.09035587
CCC1=C(CC)C(C(C)C)=C1CC,1369.528886,1634.771996772727,-11.28514725,1193.9265,-175.60242,1483.1593,-151.61267,-10.729215,0.555933
CCC1=C(CC)C(C(C)C)C(C(C)C)=C1C(C)C,1501.107299888889,1729.5860127777778,-11.184638166666666,1604.5061,103.3988,1759.6003,30.014282,-10.934617,0.25002098
CCC1=C(CC)C([C@H](C)CC)=C1CC,1212.008941,1562.079326,-11.256426,1278.4572,66.44824,1578.8682,16.788818,-11.434836,-0.17841053
CCC1=C(CC)[PH](CC)=C(CC)C1C,1189.494645,1419.873632,-11.350063,1305.4635,115.96887,1461.8595,41.98584,-11.38768,-0.03761673
CCC1=CC(CC)=C(C(C)C)C1CC,1347.170087,1638.942564,-11.448089,1345.0559,-2.1141357,1627.5979,-11.3446045,-11.540424,-0.0923357
CCC1=CC(CC)=C(CC)C1C,1335.561109,1632.718862,-11.477988,1343.2917,7.730591,1658.0874,25.36853,-11.502617,-0.02462864
CCC1=CC=C(C)C1,1397.1862155,1547.950779,-11.396076,1385.2399,-11.946289,1548.4489,0.49804688,-11.384221,0.011855125
CCC1=PC(CC)C(C(C)C)=C1C(C)C,1419.134234,1699.6709603333336,-11.3162905,1456.0148,36.880493,1771.0319,71.36084,-11.122063,0.19422817
CCc1c(C(C)C)c(CC)c(C(C)C)c(CC)c1C(C)C,1304.850734,1618.442304,-11.11311675,1150.3849,-154.46582,1378.544,-239.89832,-10.774592,0.33852482
CCc1c(C)c(CC)c(C)c(CC)c1C,1331.6631062857143,1520.2080080857145,-10.493820642857145,1359.087,27.42395,1516.8323,-3.3757324,-10.456959,0.03686142
CCc1cc(C)c(CC)cc1C,1485.579731,1679.228227,-11.409067,1451.5964,-33.983276,1636.7966,-42.43164,-11.181968,0.22709942
CCc1ccc(CC)c(C)c1,1487.579192,1706.051391,-11.397821,1453.124,-34.4552,1689.4738,-16.577637,-11.375152,0.022669792
C[Si](C)(C)N[Si](C)(C)C,1708.0809148,2032.8984949,-11.0103996,1786.6105,78.52954,2058.382,25.483643,-11.030203,-0.019803047
Cc1cc(C(C)(C)C)c(C)c(C)c1C,102.2,18.63907788,-5.426094,77.81592,-24.384079,1.3475342,-17.291544,-5.3506923,0.07540178
Cc1cc(C)c(C)c(C)c1,1097.1318624,1320.978866218,-10.0618761,1076.0328,-21.098999,1307.5657,-13.413208,-10.0384035,0.023472786
Cc1ccc(C(C)C)cc1,1411.148816,1603.341636,-11.1147695,1400.2756,-10.873169,1592.5212,-10.820435,-11.119547,-0.0047769547
