epoch,train_loss
1,0.3223578408360481
2,0.3077581226825714
3,0.2972499914467335
4,0.2916670460253954
5,0.28845870681107044
6,0.30389704555273056
7,0.28136120177805424
8,0.2853582836687565
9,0.28359198197722435
10,0.2712056692689657
11,0.2886192426085472
12,0.2843534927815199
13,0.26386217772960663
14,0.28355893306434155
15,0.28040080331265926
16,0.28740784153342247
17,0.2795266602188349
18,0.2793444748967886
19,0.2870649993419647
20,0.27055069245398045
21,0.2706875093281269
22,0.2735308650881052
23,0.27647658810019493
24,0.26971188001334667
25,0.2557420264929533
26,0.25875381007790565
27,0.2542488444596529
28,0.2604693342000246
29,0.25593156553804874
30,0.262250691652298
31,0.26052993908524513
32,0.25430782698094845
33,0.24945739656686783
34,0.2685995288193226
35,0.26330182887613773
36,0.24253423511981964
37,0.25365407578647137
38,0.24264057725667953
39,0.22634302452206612
40,0.24243495799601078
41,0.23214499466121197
42,0.23042374849319458
43,0.22950594499707222
44,0.22076899744570255
45,0.2232684064656496
46,0.2195346485823393
47,0.21656182408332825
48,0.21539579331874847
49,0.20706912502646446
50,0.22023317962884903
51,0.20713968575000763
52,0.21490270923823118
53,0.20465114153921604
54,0.2072959914803505
55,0.19654041901230812
56,0.19879845157265663
57,0.17756259720772505
58,0.1816861666738987
59,0.18324651755392551
60,0.1749000232666731
61,0.17613928206264973
62,0.18396288249641657
63,0.18542211689054966
64,0.18538019992411137
65,0.17605732567608356
66,0.16582155413925648
67,0.16565211303532124
68,0.1580023029819131
69,0.16327123064547777
70,0.16717590671032667
71,0.16071228962391615
72,0.15736280754208565
73,0.15961014200001955
74,0.1583127249032259
75,0.1763601154088974
76,0.16821642126888037
77,0.16282259579747915
78,0.15524998307228088
79,0.15893739368766546
80,0.15394305903464556
81,0.14232216263189912
82,0.1493164338171482
83,0.14902765955775976
84,0.15545213595032692
85,0.16561201959848404
86,0.15247926115989685
87,0.1434565931558609
88,0.15225414838641882
89,0.13919047778472304
90,0.14962185081094503
91,0.137077861931175
92,0.13793005980551243
93,0.14484425634145737
94,0.15268852934241295
95,0.15902893524616957
96,0.16436703130602837
97,0.15437477361410856
98,0.16622980870306492
99,0.1375857461243868
100,0.1410963423550129
101,0.15303219854831696
102,0.16279555950313807
103,0.1733342381194234
104,0.14894231129437685
105,0.13764108112081885
106,0.1473278272897005
107,0.13239494431763887
108,0.12898079864680767
109,0.12749385461211205
110,0.12838706281036139
111,0.1328455312177539
112,0.1354392245411873
113,0.13436968810856342
114,0.12790347263216972
115,0.12482698634266853
116,0.12600954622030258
117,0.12704318016767502
118,0.1292828544974327
119,0.13397293258458376
120,0.13177046924829483
121,0.12699130224063993
122,0.13346274010837078
123,0.1284369509667158
124,0.13235673401504755
125,0.12627140525728464
126,0.12386307865381241
127,0.13438338972628117
128,0.1357262209057808
129,0.13908892404288054
130,0.12552852183580399
131,0.12945458944886923
132,0.11769662378355861
133,0.11891947407275438
134,0.11589710647240281
135,0.142220847774297
136,0.1294774916023016
137,0.12020709831267595
138,0.13050903100520372
139,0.11877798475325108
140,0.11552330199629068
141,0.11630642088130116
142,0.11531524080783129
143,0.12676033657044172
144,0.11395287001505494
145,0.1200369750149548
146,0.11373000219464302
147,0.1192995635792613
148,0.11143751116469502
149,0.12227958533912897
150,0.11414635507389903
151,0.11500858888030052
152,0.1127283088862896
153,0.11683241790160537
154,0.11766345426440239
155,0.12333295773714781
156,0.13144853711128235
157,0.11954484088346362
158,0.11286074994131923
159,0.11194953555241227
160,0.11523187346756458
161,0.12027608091011643
162,0.11984760966151953
163,0.11698532849550247
164,0.11375785153359175
165,0.11146746948361397
166,0.11430425429716706
167,0.1121127437800169
168,0.1153526627458632
169,0.126633214764297
170,0.11698752082884312
171,0.11643146956339478
172,0.10491295717656612
173,0.11044847639277577
174,0.10529501270502806
175,0.11487566493451595
176,0.10563201364129782
177,0.10444251261651516
178,0.11057072877883911
179,0.11520214565098286
180,0.10273410798981786
181,0.10911742877215147
182,0.11456477083265781
183,0.10803430434316397
184,0.11221437295898795
185,0.12183212116360664
186,0.1027120565995574
187,0.10629755444824696
188,0.10279013402760029
189,0.10191528685390949
190,0.09885619767010212
191,0.10880891978740692
192,0.10509036248549819
193,0.10692168865352869
194,0.10115895187482238
195,0.10186272114515305
196,0.0984848104417324
197,0.10055857617408037
198,0.0967272724956274
199,0.10027062147855759
200,0.09837939450517297
201,0.09745490131899714
202,0.10468427371233702
203,0.10657115234062076
204,0.10282741393893957
205,0.11064233956858516
206,0.1060603242367506
207,0.11961881769821048
208,0.0998203125782311
209,0.10159889096394181
210,0.09661688189953566
211,0.11116651026532054
212,0.10214073956012726
213,0.10083570471033454
214,0.10153553448617458
215,0.0998997027054429
216,0.09597836947068572
217,0.1044249243568629
218,0.10174482734873891
219,0.09893372608348727
220,0.10315232258290052
221,0.10324298404157162
222,0.09637883212417364
223,0.09741392824798822
224,0.09971472853794694
225,0.1013855873607099
226,0.1119265160523355
227,0.0946159353479743
228,0.10216559655964375
229,0.09860866609960794
230,0.09344505332410336
231,0.0984605373814702
232,0.09642654145136476
233,0.09313035290688276
234,0.09493139572441578
235,0.09306889725849032
236,0.09451866615563631
237,0.09692079201340675
238,0.09422204084694386
239,0.09050880605354905
240,0.08971931273117661
241,0.08685640711337328
242,0.08783163782209158
243,0.08558423537760973
244,0.08760522212833166
245,0.08567523071542382
246,0.09234223002567887
247,0.08716746792197227
248,0.08663513604551554
249,0.08828196208924055
250,0.08408065605908632
251,0.08932889206334949
252,0.08351880544796586
253,0.08477658964693546
254,0.09687082096934319
255,0.09870074782520533
256,0.09424638329073787
257,0.09114323696121573
258,0.08788976073265076
259,0.08282884769141674
260,0.08182472409680486
261,0.08023598953150213
262,0.07942136516794562
263,0.088852911721915
264,0.08903479622676969
265,0.08620309364050627
266,0.08890649327076972
267,0.09180157724767923
268,0.08942908607423306
269,0.09127158764749765
270,0.08876211056485772
271,0.09150137240067124
272,0.0819180803373456
273,0.0908020343631506
274,0.09984736796468496
275,0.0924071823246777
276,0.08493740134872496
277,0.09159760503098369
278,0.08241819869726896
279,0.07884629676118493
280,0.08120594173669815
281,0.08553330646827817
282,0.0870530242100358
283,0.07915545720607042
284,0.08528292644768953
285,0.08268437907099724
286,0.0771828661672771
287,0.07768193492665887
288,0.08442741679027677
289,0.07776859356090426
290,0.07499153213575482
291,0.08125843154266477
292,0.07922205235809088
293,0.07311784010380507
294,0.08225542725995183
295,0.07294624648056924
296,0.07888786494731903
297,0.08656789734959602
298,0.07231713319197297
299,0.07638679188676178
300,0.08537695556879044
301,0.08406673651188612
302,0.08029403770342469
303,0.07568941172212362
304,0.07232599216513336
305,0.07170524494722486
306,0.07354003749787807
307,0.06914669065736234
308,0.06975176092237234
309,0.06957759754732251
310,0.07318074442446232
311,0.07120058359578252
312,0.08546151965856552
313,0.07033736980520189
314,0.07320321816951036
315,0.07429605210199952
316,0.06814824091270566
317,0.07077340269461274
318,0.06818586844019592
319,0.07585263205692172
320,0.0660525020211935
321,0.06657398212701082
322,0.06391657795757055
323,0.06283450149931014
324,0.06291850446723402
325,0.06544217490591109
326,0.07093476154841483
327,0.06783602433279157
328,0.06861003953963518
329,0.06767272111028433
330,0.07380912359803915
331,0.06804360076785088
332,0.07385956146754324
333,0.06834025261923671
334,0.07147840363904834
335,0.07204871578142047
336,0.07285331632010639
337,0.07606065832078457
338,0.08370163827203214
339,0.0764669778291136
340,0.08312777476385236
341,0.08488944685086608
342,0.07364368089474738
343,0.07256334042176604
344,0.06731012603268027
345,0.06545456545427442
346,0.07243935158476233
347,0.060806051129475236
348,0.0637320657260716
349,0.07483679335564375
350,0.06540835998021066
351,0.06157160527072847
352,0.06026411848142743
353,0.05822431924752891
354,0.06873569288291037
355,0.05738900392316282
356,0.0636669893283397
357,0.05776344262994826
358,0.06948225805535913
359,0.0597845152951777
360,0.06310564186424017
361,0.057902602944523096
362,0.05997795192524791
363,0.06288866931572556
364,0.0652046031318605
365,0.064817228121683
366,0.07175426511093974
367,0.06028672796674073
368,0.05855017597787082
369,0.05733908456750214
370,0.057655659038573503
371,0.052970045362599194
372,0.05358861992135644
373,0.05726459273137152
374,0.056565684732049704
375,0.055278742453083396
376,0.06586846918798983
377,0.06510583078488708
378,0.057013398269191384
379,0.055371823254972696
380,0.06097842939198017
381,0.055108460364863276
382,0.056349475402384996
383,0.0547493495978415
384,0.058681171387434006
385,0.0536463672760874
386,0.053171047708019614
387,0.0507584314327687
388,0.05688568879850209
389,0.05323042185045779
390,0.049430972430855036
391,0.04963092342950404
392,0.047643721918575466
393,0.055917634163051844
394,0.049513125559315085
395,0.05302979750558734
396,0.05400650459341705
397,0.04994460754096508
398,0.04998587095178664
399,0.05127167305909097
400,0.055151868145912886
401,0.05269256513565779
402,0.05812159366905689
403,0.06104347109794617
404,0.06100717606022954
405,0.05015924572944641
406,0.050163485342636704
407,0.056222310522571206
408,0.050897895358502865
409,0.04879937064833939
410,0.047839726554229856
411,0.04985390533693135
412,0.05195110058411956
413,0.05504197534173727
414,0.04629886453039944
415,0.04684707929845899
416,0.04536992509383708
417,0.049283234402537346
418,0.05294297216460109
419,0.04566921095829457
420,0.04533239081501961
421,0.04814153630286455
422,0.049554567551240325
423,0.0516621534479782
424,0.04566506529226899
425,0.04395402572117746
426,0.049425209406763315
427,0.04808342456817627
428,0.04884897102601826
429,0.04457593150436878
430,0.04566399450413883
431,0.04564785957336426
432,0.05059334775432944
433,0.05447337683290243
434,0.046126513509079814
435,0.04725803108885884
436,0.044362255022861063
437,0.053699269657954574
438,0.050312275532633066
439,0.04652931448072195
440,0.04471086128614843
441,0.042707901215180755
442,0.04287708143237978
443,0.04189797374419868
444,0.04132044082507491
445,0.042098610545508564
446,0.041493057971820235
447,0.04532917053438723
448,0.04092409601435065
449,0.047110416227951646
450,0.04841622733511031
451,0.05865171109326184
452,0.05307914246805012
453,0.05537867150269449
454,0.05617933603934944
455,0.05309138633310795
456,0.052650065161287785
457,0.048928706208243966
458,0.043343672063201666
459,0.04300201218575239
460,0.04251930629834533
461,0.04299966315738857
462,0.042181993019767106
463,0.04172335274051875
464,0.03988270869012922
465,0.0529922426212579
466,0.04666313494089991
467,0.049184480449184775
468,0.045334741938859224
469,0.04664005513768643
470,0.04463726305402815
471,0.04627649602480233
472,0.046900532906875014
473,0.04580507683567703
474,0.04073458258062601
475,0.04224682995118201
476,0.04475998366251588
477,0.04389572748914361
478,0.04320037201978266
479,0.04254154348745942
480,0.04460135381668806
481,0.04441028484143317
482,0.046634860103949904
483,0.04059012827929109
484,0.03597079170867801
485,0.040036194026470184
486,0.03933668928220868
487,0.03620210301596671
488,0.038630770053714514
489,0.03437207161914557
490,0.036481192568317056
491,0.035965220304206014
492,0.04336323228199035
493,0.036881900508888066
494,0.040328848641365767
495,0.03683282225392759
496,0.038714536698535085
497,0.03686963045038283
498,0.03536042384803295
499,0.038462097523733974
500,0.036548065254464746
