smiles,Ucal,Ueff,tio
B1=C(C2CCCCC2)BC(C2CCCCC2)=C1C1CCCCC1,1238.9928375,1607.152515,-11.302052
B1=CC=BC1,488.0599302,924.119855,-10.0629025
B1=CC=C1,570.7351963666666,489.9648679,-8.35040825
B1=CC=CC1,1229.6741364875,1483.665967,-11.13011784375
B1C(C2CCCCC2)=C(C2CCCCC2)C(C2CCCCC2)=C1C1CCCCC1,1226.2267866666668,1597.1139363333332,-11.343074666666666
C/C(=C(/C)C(C)(C)C)C(C)(C)C,1515.729103,1866.438711,-11.28734
C1=C(C2CCCCC2)C=C(C2CCCCC2)C1,1303.509753,1530.852787,-11.398754
C1=C(C2CCCCC2)CC(C2CCCCC2)=C1C1CCCCC1,1272.3178846666667,1519.392436,-11.210222416666667
C1=CC=C1,1421.9978171724138,1597.6176846689655,-11.174467362068967
C1=CCC(C2CCCCC2)=C1,1276.605725,1325.997917,-11.0785305
C1=CCC=C1,1337.5610082666667,1544.5586260809525,-11.208399226190476
C1=CCP=C1,1191.8769065238332,1344.6299602466668,-10.202856875
C1=CP=C1,1131.8134140666668,1396.5895461333332,-10.818608249999999
C1=C[PH2]=C1,7.146666666666667e-07,150.47182393333333,-6.51191975
C1=C[PH2]=CC1,903.2298323000001,1333.060637,-10.94525275
C1=PCP=C1,689.7370629,720.3639798,-9.27168825
C1CCC(C(C2CCCCC2)C(C2CCCCC2)C2CCCCC2)CC1,1118.350873,1679.043521,-11.413177
C1CCC(C2=C(C3CCCCC3)C(C3CCCCC3)=C2C2CCCCC2)CC1,1073.5042389666667,1381.2884373333334,-11.151341166666668
C1CCC(C2=C(C3CCCCC3)C(C3CCCCC3)C(C3CCCCC3)=C2C2CCCCC2)CC1,1227.4283345,1602.075192,-11.2746925
C1CCC(c2[pH]c(C3CCCCC3)c(C3CCCCC3)c2C2CCCCC2)CC1,1120.8338946666665,1484.6561043333334,-11.064166333333333
C1CCC1,1108.733431,1425.132559,-11.31251
C=C,1436.2755484714285,1448.8992687619048,-10.463008309380953
C=C(C)C,1839.4653076666666,2109.681853,-11.286078416666667
C=CC,1439.867691489796,1687.9128900816324,-11.191642186530611
C=CC(C)(C)C,1370.5193436470588,1689.711546235294,-11.191854205882352
CB1C(C)=C(C)C(C)=C1C,1841.7697276666665,1950.9424358333335,-11.180559333333335
CB1C=CC=C1,1251.9404046666666,1633.4241646666667,-11.198208
CC(=C(C(C)C)C(C)C)C(C)C,1397.487593,1664.657154,-11.309916
CC(=C(C)C(C)(C)C)C(C)(C)C,1480.43196,1724.5395355,-11.23994625
CC(=C(C)C(C)(C)C)C(C)C,1381.832821,1569.9683610000002,-11.372656
CC(=C(C)C(C)C)C(C)C,1860.0645100000002,2104.1317211428573,-11.380533999999999
CC(=CC(C)(C)C)C(C)(C)C,1485.528825,1684.675867,-11.291369
CC(C)(C)C1=BC(C(C)(C)C)=B1,1988.4296245,2134.6842960000004,-10.8364725
CC(C)(C)C1=BC(C(C)(C)C)=C1C(C)(C)C,497.06560345,430.18739555,-8.444368625000001
CC(C)(C)C1=BC(C(C)(C)C)=CC1,1025.740923,1366.169313,-11.276387
CC(C)(C)C1=BC(C(C)(C)C)B=C1C(C)(C)C,867.5269396538461,1153.141326563077,-10.258365096153849
CC(C)(C)C1=BC(C(C)(C)C)C(C(C)(C)C)=C1C(C)(C)C,1302.1869284666666,1625.0267745800002,-11.346010383333331
CC(C)(C)C1=C(C(C)(C)C)C(C(C)(C)C)=C1C(C)(C)C,1402.0959315849057,1662.7211012396226,-11.197280212264152
CC(C)(C)C1=C(C(C)(C)C)C(C(C)(C)C)C(C(C)(C)C)=C1C(C)(C)C,1153.793442275,1520.3187985833335,-11.341727166666665
CC(C)(C)C1=CC(C(C)(C)C)=C1,1510.114358,1891.3210375,-11.15144325
CC(C)(C)C1=CC=C1,1080.087427,1475.903057,-11.235617
CC(C)(C)C1=PC(C(C)(C)C)=C1C(C)(C)C,1233.9407380315793,1270.624196857895,-10.610521684210525
CC(C)(C)C1=PC(C(C)(C)C)=P1,1235.2438505,1592.176067125,-11.228763874999999
CC(C)(C)C1=PC(C(C)(C)C)C(C(C)(C)C)=C1C(C)(C)C,1304.683606,1739.5289266666666,-11.323678333333334
CC(C)(C)C1=PC(C(C)(C)C)P=C1C(C)(C)C,1151.7736080266666,1457.7445995333335,-11.080808
CC(C)(C)C1B2B1C2C(C)(C)C,915.82544946,1221.51006098,-10.9135089
CC(C)(C)C=CC(C)(C)C,1348.8133083590908,1493.9013639425002,-10.74860273113636
CC(C)(C)[PH]1=CCC=C1,1323.140255,1426.506795,-11.314944
CC(C)(C)c1[pH]c(C(C)(C)C)c(C(C)(C)C)c1C(C)(C)C,1398.0156390000002,1673.053990625,-11.2375671875
CC(C)=C(C)C,1613.3529034161288,1844.4691588435483,-11.11651797983871
CC(C)=C(C)C(C)(C)C,1414.653661,1695.6250605,-11.257621749999998
CC(C)=C(C)C(C)C,1353.731284265714,1641.9064575342854,-10.81144294642857
CC(C)=CC(C)(C)C,1516.619434,1718.487789,-11.236326
CC(C)C(=C(C(C)(C)C)C(C)(C)C)C(C)C,1530.488077,1845.8281579999998,-11.38530725
CC(C)C(=C(C(C)C)C(C)(C)C)C(C)C,1224.9067990666667,1333.5711972333334,-10.353343316666665
CC(C)C(=C(C(C)C)C(C)C)C(C)C,1334.6531564925083,1492.4978614678685,-10.660481704262295
CC(C)C1=BC(C(C)C)=B1,2087.211565,2120.6982930000004,-10.98369975
CC(C)C1=BC(C(C)C)=C1C(C)(C)C,1030.281654,805.0720587,-9.68066525
CC(C)C1=BC(C(C)C)=C1C(C)C,824.9010482953335,863.7999251666666,-9.264401000000001
CC(C)C1=BC(C(C)C)B=C1C(C)C,862.6578698250001,1135.561944443333,-10.407854208333335
CC(C)C1=BC(C(C)C)C(C(C)(C)C)=C1C(C)(C)C,1331.4646840000003,1751.6500766666666,-11.233185666666666
CC(C)C1=BC(C(C)C)C(C(C)C)=C1C(C)(C)C,1038.339838625,1385.36137575,-11.21653675
CC(C)C1=BC(C(C)C)C(C(C)C)=C1C(C)C,1098.7470164666668,1359.7857231833334,-11.06413225
CC(C)C1=C(C(C)(C)C)B=C(C(C)(C)C)C1C(C)C,1171.7733137000002,1497.9952483333334,-11.222479333333334
CC(C)C1=C(C(C)(C)C)C(C(C)(C)C)=C(C(C)(C)C)B1,1104.88948,1681.618817,-11.433048
CC(C)C1=C(C(C)(C)C)C(C(C)(C)C)=C(C(C)(C)C)C1C(C)(C)C,1223.816575,1556.730775666667,-11.405197666666666
CC(C)C1=C(C(C)(C)C)C(C(C)(C)C)=C1C(C)(C)C,1405.7896967894733,1684.7500192105263,-11.224236078947369
CC(C)C1=C(C(C)(C)C)C(C(C)(C)C)C(C(C)C)=C1C(C)(C)C,1430.705903,1631.911972,-11.435799
CC(C)C1=C(C(C)(C)C)C(C(C)C)=C1C(C)(C)C,1568.010324,1909.0286806666666,-11.006818333333333
CC(C)C1=C(C(C)(C)C)P=C(C(C)(C)C)C1C(C)C,1463.4575395000002,1770.7038955,-11.07919075
CC(C)C1=C(C(C)(C)C)P=C1C(C)(C)C,855.4239776,907.0491485,-10.58092264
CC(C)C1=C(C(C)C)C(C(C)(C)C)=C1C(C)C,1421.23374475,1635.6013337499999,-11.207246249999999
CC(C)C1=C(C(C)C)C(C(C)(C)C)C(C(C)(C)C)=C1C(C)(C)C,1391.0116825,1683.5735195,-11.444388499999999
CC(C)C1=C(C(C)C)C(C(C)C)=C1C(C)C,1383.828892445,1695.7658415,-11.278945825
CC(C)C1=C(C(C)C)C(C(C)C)C(C(C)(C)C)=C1C(C)(C)C,1506.9300426666666,1681.9908073333336,-11.283155666666667
CC(C)C1=C(C(C)C)C(C(C)C)C(C(C)(C)C)=C1C(C)C,1749.3883537000002,1685.6136896,-10.86488705
CC(C)C1=C(C(C)C)C(C(C)C)C(C(C)C)=C1C(C)C,1678.400470171875,1707.4308869687502,-10.947190421875
CC(C)C1=C(C(C)C)C(C(C)C)P=C1C(C)(C)C,1378.226439,1777.630444,-11.1626635
CC(C)C1=C(C(C)C)[PH](C(C)C)=C1C(C)C,452.377908,252.042596,-7.60610625
CC(C)C1=CC(C(C)(C)C)=C1,1160.340182,1506.708621,-11.23851
CC(C)C1=CC=C1,1288.888139,1480.627609,-11.430475
CC(C)C1=CC=CC1,1540.672713,1634.222822,-11.398
CC(C)C1=CC=CC1C(C)C,1563.16029,1665.633152,-11.3200125
CC(C)C1=PC(C(C)C)=C1C(C)(C)C,1562.904374,1711.055476,-11.2523065
CC(C)C1=PC(C(C)C)=C1C(C)C,1102.4146676555554,1312.9473848555554,-10.751347813333334
CC(C)C1=PC(C(C)C)=P1,1306.611574,1669.057116,-11.212444199999998
CC(C)C1=PC(C(C)C)C(C(C)C)=C1C(C)C,1489.297671117647,1703.1927777647059,-11.137231088235293
CC(C)C1=PC(C(C)C)P=C1C(C)C,1094.778893390909,1350.036855609091,-11.069182
CC(C)C1=[PH](C(C)(C)C)C(C(C)C)C(C(C)(C)C)=C1C(C)(C)C,642.8927961,1193.098278,-11.0903245
CC(C)C1B2B1C2C(C)C,956.5403795000001,1029.1436226,-10.637827333333334
CC(C)C1C(C(C)(C)C)=BC(C(C)(C)C)=C1C(C)(C)C,1166.6030111,1486.6863204333333,-10.348344249999998
CC(C)c1[pH]c(C(C)(C)C)c(C(C)(C)C)c1C(C)(C)C,1176.169754,1645.6169945000001,-11.483842749999999
CC(C)c1[pH]c(C(C)(C)C)c(C(C)C)c1C(C)C,1653.595086,1769.429319,-11.014558
CC(C)c1c(C(C)(C)C)[pH]c(C(C)(C)C)c1C(C)C,1329.011657,1766.2678529999998,-11.25137875
CC(C)c1c(C(C)C)c(C(C)C)c(C(C)(C)C)c(C(C)C)c1C(C)C,1311.064477,1575.418057,-11.439185
CC(C)c1c(C(C)C)c(C(C)C)c(C(C)C)c(C(C)C)c1C(C)C,1152.2917818766664,1315.858043231333,-9.899857283333336
CC(C)c1cc(C(C)C)c(-c2cc(-c3c(C(C)C)cc(C(C)C)cc3C(C)C)c(C(C)C)cc2C(C)C)c(C(C)C)c1,698.2319732,750.0789508,-9.23597125
CC(C)c1ccc(C(C)C)cc1,1196.3384305,1520.3011315,-11.211085166666669
CC(C)c1ccccc1,1239.3648534,1511.3051209999999,-11.2140193
CC1=BC(C)=B1,1482.6730490999998,1690.5581485,-11.1048575
CC1=BC(C)=C1C,835.7841960413333,617.5991163666666,-8.073711801555554
CC1=BC(C)=C1C(C)(C)C,948.1594442999999,713.67203655,-9.606940000000002
CC1=BC(C)=C1C(C)C,1013.2689873400001,696.38061146,-9.9664209
CC1=BC(C)=CC1,579.6211238,1067.510796,-10.61065075
CC1=BC(C)B=C1C,1038.2154377894738,1358.0743775157894,-11.12020172368421
CC1=BC(C)C(C(C)(C)C)=C1C(C)(C)C,1380.540868,1466.513187,-11.31146
CC1=BC(C)C(C(C)C)=C1C(C)C,1452.7911775,1556.17472,-11.3638815
CC1=BC(C)C(C)=C1C,1378.0614132666667,1578.2766665999998,-11.343130133333334
CC1=BCC=C1,1121.389251,1364.992077,-11.288313
CC1=C(C(C)(C)C)B=C(C(C)(C)C)C1C,1229.5159105,1546.31005625,-11.336293
CC1=C(C(C)(C)C)C(C(C)(C)C)=C(C(C)(C)C)C1C(C)(C)C,1174.930464,1525.7273674,-11.402635
CC1=C(C(C)(C)C)C(C(C)(C)C)=C(C(C)(C)C)C1C(C)(C)C(C)(C)C,1194.1732809999999,1462.19353925,-11.271652625
CC1=C(C(C)(C)C)C(C(C)(C)C)=C(C(C)(C)C)C1C(C)(C)C(C)C,1262.563816,1582.636559,-11.406946
CC1=C(C(C)(C)C)C(C(C)(C)C)=C(C)C1C(C)(C)C,1672.192059,1751.350512,-10.9426545
CC1=C(C(C)(C)C)C(C(C)(C)C)=C1C,1151.2272404,1475.9153466,-11.3245615
CC1=C(C(C)(C)C)C(C(C)(C)C)=C1C(C)(C)C,1059.1699577866666,1333.5414174133336,-10.376582125
CC1=C(C(C)(C)C)C(C(C)(C)C)=C1C(C)C,1208.324919,1587.011126,-11.453297
CC1=C(C(C)(C)C)C(C(C)(C)C)C(C)=C1C(C)(C)C,1636.4608396666665,1631.9767006666668,-10.923120833333334
CC1=C(C(C)(C)C)C(C(C)C)=C1C(C)(C)C,1520.481848,1737.9398675,-11.103112
CC1=C(C(C)(C)C)C(C)=C1C(C)(C)C,1439.942779882353,1704.3100329411766,-11.27688705882353
CC1=C(C(C)(C)C)C(C)C(C(C)(C)C)=C1C(C)(C)C,1280.33052,1648.6083147142856,-11.37956407142857
CC1=C(C(C)(C)C)C=C1C(C)(C)C,1278.356924,1625.762818,-11.2894865
CC1=C(C(C)(C)C)P=C(C(C)(C)C)C1C,1538.9737841666665,1666.6093111666669,-11.083290583333332
CC1=C(C(C)C)B=C(C(C)C)C1C,1403.2517395999998,1695.8796136,-11.3153604
CC1=C(C(C)C)C(C(C)(C)C)C(C(C)(C)C)=C1C,1163.042312,1444.107898,-11.274985
CC1=C(C(C)C)C(C(C)(C)C)C(C(C)(C)C)=C1C(C)(C)C,1144.920342,1589.043648,-11.419038
CC1=C(C(C)C)C(C(C)(C)C)C(C)=C1C(C)(C)C,1771.5861695,1771.3465675,-10.74073125
CC1=C(C(C)C)C(C(C)C)C(C)=C1C(C)(C)C,1739.828219,1805.731545,-10.7852635
CC1=C(C(C)C)C(C)=C1C(C)(C)C,1460.619471,1726.7293405,-11.2040085
CC1=C(C(C)C)C(C)C(C(C)(C)C)=C1C(C)(C)C,1116.681226,1284.295598,-10.960545
CC1=C(C(C)C)C(C)C(C(C)C)=C1C(C)C,1693.599127,1786.39278,-11.1136135
CC1=C(C(C)C)P=C(C(C)C)C1C,1408.8442074999998,1562.914113,-11.380127625
CC1=C(C)C(C(C)(C)C)=C1C,1212.2927252000002,1510.7967794,-11.17115815
CC1=C(C)C(C(C)(C)C)=C1C(C)C,1096.6805854999998,1432.6751629999999,-11.291163999999998
CC1=C(C)C(C(C)(C)C)C(C(C)(C)C)=C1C(C)(C)C,1068.835673042857,1294.4481052857143,-11.078548142857143
CC1=C(C)C(C(C)(C)C)C(C(C)C)=C1C,1218.340895,1554.999752,-11.372149
CC1=C(C)C(C(C)(C)C)C(C)=C1C(C)(C)C,2174.8949375,2137.9381925,-10.99678025
CC1=C(C)C(C(C)C)=C1C,1172.15944036,1483.540114,-11.2279494
CC1=C(C)C(C(C)C)C(C(C)C)=C1C,1364.872168,1539.563658,-11.417803
CC1=C(C)C(C)=C(C)B1C(C)(C)C,2761.264439,1593.550355,-9.935181333333333
CC1=C(C)C(C)=C1C,1374.4484760198018,1662.0150357821785,-11.219486366336634
CC1=C(C)C(C)C(C(C)(C)C)=C1C,1197.9445685714286,1453.6357512857142,-11.199549642857145
CC1=C(C)C(C)C(C(C)(C)C)=C1C(C)(C)C,1191.454389,1477.1155643333334,-11.213055666666667
CC1=C(C)C(C)C(C(C)C)=C1C,1181.4818667499999,1481.6169559999998,-11.291065812500001
CC1=C(C)C(C)C(C)=C1C,1583.9201994876034,1695.8058903537192,-11.062954159090907
CC1=C(C)C(C)C(C)=C1C(C)(C)C,1639.811234,1704.594156,-11.0366515
CC1=C(C)C=C1,1346.069521,1457.0399614,-11.202314999999999
CC1=C(C)C[PH](C)=C1,967.3332022000001,1291.21468625,-11.1096371875
CC1=C(C)N(C(C)C)CN1C(C)C,1078.225937,1255.26082,-10.739759
CC1=C(C)[PH](C(C)C)=C1C,0.0,149.6591714,-6.691594166666667
CC1=C(C)[PH](C)=C(C)C1C,1183.7366093333333,1515.9685253333334,-11.316362666666665
CC1=C(C)[PH](C)=C1C,1337.0418038837142,842.8691758285714,-8.548548281428571
CC1=CC(C(C)(C)C)=C1,1468.882901,1747.479813,-11.1003435
CC1=CC(C(C)C)=C1,1080.060394857143,1474.0159865714286,-11.245191142857141
CC1=CC(C(C)C)=C1C,1053.729063,1511.793864,-11.17966
CC1=CC(C)=C(C)C1,1531.7400377333333,1641.0301430000002,-11.142744466666667
CC1=CC(C)=C(C)C1C,1485.6148622083335,1624.8352312083334,-11.173175624999999
CC1=CC(C)=C1,1341.1903068695653,1524.2776002608693,-11.119813549565219
CC1=CC(C)=C1C,1250.6040253041667,1471.8792412374999,-11.073620135416666
CC1=CC=C(C)C1,1466.2499817368423,1627.4754587368423,-11.214729526315791
CC1=CC=C(C)C1C,1394.9399317849998,1540.7619749,-11.163910874999997
CC1=CC=C1,1291.4080426750002,1545.3342959,-11.2395247
CC1=CC=CC1,1443.4531514666667,1624.9875720888888,-11.237546666666667
CC1=CC=CC1C,1406.1994375294119,1597.1621260588236,-11.20284038235294
CC1=CCP=C1C,1588.631041,1768.569422,-10.969908
CC1=PC(C)=C1C,987.4013442875,1134.7957370875,-10.581546843749999
CC1=PC(C)=C1C(C)(C)C,1351.9960035,1625.9152975,-11.240856749999999
CC1=PC(C)=C1C(C)C,1216.74112975,1578.29221625,-11.132978
CC1=PC(C)=P1,1234.4180875,1655.2576045,-11.317990374999999
CC1=PC(C)C(C(C)C)=C1C(C)C,1350.150406,1732.94386,-11.367263
CC1=PC(C)C(C)=C1C,1502.2132717272727,1727.650050909091,-11.064586227272729
CC1=PC(C)P=C1C,1051.947488076923,1255.019769053846,-10.822395096153846
CC1B2B1C2C,1055.4759079,1182.5585683499999,-10.939181
CC=C(C)C,1700.0918451225807,1973.7652138967744,-11.107694370967742
CC=CC,1587.0647595937498,1708.4597397546875,-11.029509334218751
CC=CC(C)(C)C,1718.6616008,1768.0890616000002,-11.110878399999999
CC=CCC,2042.385108,1886.5978175,-10.935042750000001
CCB1C(C)=C(C)C(C)=C1C,1750.6544425,2073.944776,-11.4511135
CCB1C(C)=C(CC)C(CC)=C1C,2252.3588095,1833.7475655,-10.691383
CCC(=C(C(C)C)C(C)(C)C)C(C)(C)C,1177.778444,1575.560976,-11.395301
CCC(=C(C(C)C)C(C)(C)C)C(C)C,1291.198352765,1376.3545264083334,-10.006481708333334
CCC(=C(C(C)C)C(C)C)C(C)C,1398.2901048207693,1621.8417074576923,-10.80477355769231
CCC(=C(C)C(C)(C)C)C(C)(C)C,1357.807758,1684.603287,-11.187025250000001
CCC(=C(C)C(C)(C)C)C(C)C,1263.654764,1672.377726,-11.325653
CCC(=C(C)C(C)C)C(C)C,1831.6004976666666,2055.184348,-11.17924733333333
CCC(=C(CC)C(C)(C)C)C(C)(C)C,1415.1768525,1616.9194969999999,-11.447462999999999
CCC(=C(CC)C(C)(C)C)C(C)C,1394.519771,1717.473521,-11.326502
CCC(=C(CC)C(C)C)C(C)C,1281.8383952646154,1530.9298076123077,-10.29112123076923
CCC(C(=C(C)C)C(C)(C)C)C(C)(C)C,1430.294796,1638.942564,-11.422488
CCC(C)(C)C1=C(C(C)C)C(C(C)(C)C)=C1C(C)C,1273.6818,1632.135099,-11.097879
CCC(C)(C)C1=C(C(C)C)C(C(C)C)=C1C(C)C,1217.1277696666666,1622.130053,-11.276951000000002
CCC(C)(C)C1=C(C)C(C(C)(C)C)=C(C(C)(C)C)C1C(C)(C)C,1231.930803,1685.218184,-11.433653
CCC(C)=C(C)C,1457.8626801363635,1635.730941940909,-10.84358912
CCC(C)=C(C)C(C)(C)C,1380.273318,1609.010777,-11.2886665
CCC(C)=C(C)C(C)C,1869.6794736,2052.7944706000003,-11.163860699999999
CCC(C)=C(C)CC,1538.2205292091664,1736.8366925404164,-10.505906697916668
CCC(C)=C(CC)CC,1492.4833518210526,1693.1968292263157,-10.668474210526316
CCC(CC)=C(C(C)C)C(C)(C)C,1583.230467,1715.562728,-11.3700095
CCC(CC)=C(C(C)C)C(C)C,1235.312880975,1323.87719525,-9.993548035
CCC(CC)=C(C)C,1911.46310275,2173.95435025,-11.242685999999999
CCC(CC)=C(CC)C(C)(C)C,1648.827186,1769.22006,-11.1394595
CCC(CC)=C(CC)C(C)C,1374.65847219125,1540.57330644875,-10.55833515625
CCC(CC)=C(CC)CC,1472.4396684185715,1682.9563787508573,-11.034772210571427
CCC1=BC(C)=C1CC,1468.376138,1667.965503,-11.1403975
CCC1=BC(C)C(C)=C1C,1189.336522,1517.37179,-11.337011
CCC1=BC(CC)=B1,2097.2108233333333,2149.4611680000003,-11.100678666666667
CCC1=BC(CC)=C(C)C1C,1365.5023680000002,1556.535818,-11.360957583333333
CCC1=BC(CC)=C(CC)C1C,1346.501996,1525.39793,-11.368361
CCC1=BC(CC)=C1C(C)(C)C,931.36540035,859.55098545,-9.8352495
CCC1=BC(CC)=C1C(C)C,1017.680316,994.7793868,-10.0014445
CCC1=BC(CC)=C1CC,826.6324584102857,823.9316321142857,-9.282708214285716
CCC1=BC(CC)B=C1CC,1011.7713297466669,1324.2759231866667,-11.103644083333336
CCC1=BC(CC)C(C(C)(C)C)=C1C(C)(C)C,1330.16012,1531.8330875000001,-11.3996995
CCC1=BC(CC)C(C(C)C)=C1C(C)C,1436.2023215,1565.7514325000002,-11.372595749999999
CCC1=BC(CC)C(CC)=C1CC,1314.9054072166666,1538.5523948333332,-11.28774925
CCC1=C(C(C)(C)C)B=C(C(C)(C)C)C1CC,1400.3899744999999,1694.6331081666667,-11.394432166666668
CCC1=C(C(C)(C)C)C(C(C)(C)C)=C(C(C)(C)C)C1C(C)(C)C,1280.946824,1630.164555,-11.491752
CCC1=C(C(C)(C)C)C(C(C)(C)C)=C1C,1190.5970940000002,1529.0508289999998,-11.400772
CCC1=C(C(C)(C)C)C(C(C)(C)C)=C1C(C)(C)C,1335.6198811666666,1655.8562386666665,-11.277530416666666
CCC1=C(C(C)(C)C)C(C(C)(C)C)=C1C(C)C,1306.262004,1676.730588,-11.337361
CCC1=C(C(C)(C)C)C(C(C)(C)C)C(CC)=C1C(C)(C)C,1604.2917831727275,1661.2536229272728,-10.545802022727273
CCC1=C(C(C)(C)C)C(C(C)C)=C1C(C)(C)C,1401.4888166666667,1694.5378466666664,-11.1491525
CCC1=C(C(C)(C)C)C(C(C)C)=C1C(C)C,1640.977103,2074.788936,-11.151396
CCC1=C(C(C)(C)C)C(C(C)C)C(CC)=C1C(C)C,1559.832078,1660.891929,-10.834213
CCC1=C(C(C)(C)C)C(C)=C(C(C)(C)C)C1C(C)(C)C,1747.7135150000001,1765.4702093333333,-10.864274666666667
CCC1=C(C(C)(C)C)C(C)=C1C,1201.3229807692305,1478.898741461538,-11.250867999999999
CCC1=C(C(C)(C)C)C(C)=C1C(C)(C)C,1383.2195625,1750.8596015,-11.228536000000002
CCC1=C(C(C)(C)C)C(CC)=C1C(C)(C)C,1430.6039035000001,1788.840684,-11.235310625
CCC1=C(C(C)(C)C)P=C(C(C)(C)C)C1CC,1465.2761606,1697.2699902,-11.0304123
CCC1=C(C(C)(C)CC)C(C(C)C)=C1C(C)C,1208.330208,1627.657707,-11.2441715
CCC1=C(C(C)C)B=C(C(C)C)C1CC,1406.8181559999998,1655.5103284000002,-11.2148161
CCC1=C(C(C)C)C(C(C)(C)C)=C(CC)C1C(C)(C)C,1489.410491111111,1728.8475386666667,-11.167997388888889
CCC1=C(C(C)C)C(C(C)C)=B1,1746.552372,1717.593719,-11.0386735
CCC1=C(C(C)C)C(C(C)C)=BC1CC,1201.199436,1499.540002,-11.329784
CCC1=C(C(C)C)C(C(C)C)=C(C(C)C)C1C(C)(C)C,1988.62214,1701.445341,-10.5532215
CCC1=C(C(C)C)C(C(C)C)=C(C(C)C)C1C(C)C,1605.0365600000002,1713.20539425,-11.034471208333335
CCC1=C(C(C)C)C(C(C)C)=C(C(C)C)C1CC,1440.062959,1783.4578,-10.9718685
CCC1=C(C(C)C)C(C(C)C)=C(CC)B1C(C)C,1732.487249,2111.38657,-11.236477
CCC1=C(C(C)C)C(C(C)C)=C(CC)C1CC,1533.9308613333333,1749.148314,-10.998961666666666
CCC1=C(C(C)C)C(C(C)C)=C1C(C)C,1510.8974857142857,1823.0739675714285,-11.315650285714286
CCC1=C(C(C)C)C(C(C)C)=C1CC,1439.747309,1856.78500575,-11.04399275
CCC1=C(C(C)C)C(C(C)C)C(CC)=C1C(C)C,1835.4974734999998,1718.33029825,-10.843989
CCC1=C(C(C)C)C(C)=C1C,1187.847493,1420.616524,-11.334215
CCC1=C(C(C)C)C(C)C(CC)=C1C,1637.367142,1709.6426125,-11.2436665
CCC1=C(C(C)C)C(CC)=C1C(C)(C)C,1423.0949695,1648.5939395,-11.240789
CCC1=C(C(C)C)C(CC)=C1C(C)(C)CC,1209.999666,1562.079326,-11.2121615
CCC1=C(C(C)C)C(CC)=C1C(C)C,1384.5690690000001,1674.57660525,-11.292088625
CCC1=C(C(C)C)C(CC)C(CC)=C1C,1327.062463,1686.090869,-11.355286
CCC1=C(C(C)C)P=C(C(C)C)C1CC,1436.9472213333331,1580.724279,-11.203791333333333
CCC1=C(C(C)C)[PH](C(C)C)=C(CC)C1CC,1160.145745,1486.06935,-11.279151
CCC1=C(C)B=C1C,961.2910335250001,744.038836325,-9.86179925
CCC1=C(C)C(C(C)(C)C)=C(C(C)(C)C)C1C,1289.513545,1535.7941624999999,-11.1839135
CCC1=C(C)C(C(C)(C)C)=C(C(C)(C)C)C1C(C)(C)C,1102.718221,1500.488593,-11.400872
CCC1=C(C)C(C(C)(C)C)=C(C)C1C(C)(C)C,1935.498197,1910.090776,-10.8494205
CCC1=C(C)C(C(C)(C)C)=C(C)C1C(C)C,1640.357019,1711.048222,-11.0558995
CCC1=C(C)C(C(C)(C)C)=C(C)C1CC,1746.501562,1827.575067,-10.637029
CCC1=C(C)C(C(C)(C)C)=C1C,1371.856013,1711.5297695,-11.255978
CCC1=C(C)C(C(C)C)=C(C(C)C)C1C,1657.875946,1762.090886,-11.1730635
CCC1=C(C)C(C(C)C)=C(C)C1CC,1724.56489,1812.713542,-10.5404205
CCC1=C(C)C(C(C)C)=C(CC)C1CC,1510.191625,1675.8944025,-11.390919499999999
CCC1=C(C)C(C)=C(C(C)(C)C)C1C(C)(C)C,1187.92671,1583.357854,-11.413189
CCC1=C(C)C(C)=C(C(C)C)C1C,1458.50788,1774.987699,-11.35499
CCC1=C(C)C(C)=C(C(C)C)C1CC,1461.81993,1765.319771,-11.338267
CCC1=C(C)C(C)=C(C)C1C,1505.080234956522,1692.2369158695656,-11.21272006826087
CCC1=C(C)C(C)=C(C)C1C(C)(C)C,1132.566253,1443.062365,-11.324175
CCC1=C(C)C(C)=C(C)C1C(C)C,1170.888036,1503.386324,-11.377059
CCC1=C(C)C(C)=C(C)C1CC,1611.6961284444442,1636.0791170000002,-10.97195673
CCC1=C(C)C(C)=C(CC)C1C,1621.852134818182,1795.8110001818184,-11.183917136363634
CCC1=C(C)C(C)=C(CC)C1CC,1606.1832063333334,1686.7425308888887,-11.084023611111112
CCC1=C(C)C(C)=C1,1228.933566,1480.975946,-11.384002
CCC1=C(C)C(C)=C1C,1312.7100912476192,1632.1805348571427,-11.201924738095238
CCC1=C(C)C(C)C(C)=C1CC,1308.946516,1624.348598,-11.417465
CCC1=C(C)C(C)C(CC)=C1C,1404.638886,1767.513037,-11.367169
CCC1=C(C)C(C)C(CC)=C1CC,1484.413255,1746.592312,-11.1929345
CCC1=C(C)C(C)C(CC)=[PH]1C,1174.2565935,1484.810195,-11.3220585
CCC1=C(C)C(CC)=C1C,1351.9230453333334,1616.1121285555555,-11.156910277777776
CCC1=C(C)C(CC)=C1C(C)(C)C,1324.6400551250001,1512.695124625,-11.353611375
CCC1=C(C)C(CC)=C1C(C)C,1466.420556,1612.51759,-11.232793
CCC1=C(C)C(CC)=C1CC,1342.6570496666666,1660.84165625,-11.327442130833331
CCC1=C(C)C=C(C)C1C,1263.966613,1499.89832,-11.2178525
CCC1=C(C)C=C1,1377.132572,1664.657154,-11.311355
CCC1=C(C)C=CC1C,1214.474216,1409.951825,-11.2592215
CCC1=C(C)P=C1C,1088.486885625,1491.6307904999999,-11.24916025
CCC1=C(CC)C(C(C)(C)C)=C1CC,1388.649206,1717.397108,-11.489816
CCC1=C(CC)C(C(C)(C)CC)=C1CC,1206.942740166667,1497.7898443333333,-11.260145666666666
CCC1=C(CC)C(C(C)C)=C1C,330.0,336.4656941,-6.77467925
CCC1=C(CC)C(C(C)C)=C1CC,1369.528886,1634.7719967727273,-11.28514725
CCC1=C(CC)C(C(C)C)C(C(C)C)=C1C(C)C,1501.1072998888887,1729.5860127777778,-11.184638166666666
CCC1=C(CC)C(C(C)C)C(CC)=C1C(C)C,1699.8401420000002,1864.576257,-11.210821833333332
CCC1=C(CC)C(C)=C1C,1378.9628018333335,1698.7413888333333,-11.238126833333332
CCC1=C(CC)C(C)B=C1C,1384.912050888889,1590.379172888889,-11.376373055555554
CCC1=C(CC)C(C)C(CC)=C1C,1525.4894023222223,1563.9477879111112,-10.739443305555556
CCC1=C(CC)C(C)P=C1C,1538.2313454999999,1785.0162785,-10.91102175
CCC1=C(CC)C(CC)=C(CC)B1C(C)(C)C,1732.487249,2111.38657,-11.236477
CCC1=C(CC)C(CC)=C1CC,1393.5483748099998,1659.9442402,-11.234069310666666
CCC1=C(CC)C(CC)C(C(C)C)=C1C(C)C,1580.6924575,1725.560127,-11.12929225
CCC1=C(CC)C(CC)C(C(C)C)=C1CC,1497.913962111111,1685.7789529444447,-11.201615833333332
CCC1=C(CC)C(CC)C(CC)=C1C,1647.3511320833331,1750.77660175,-11.077731416666666
CCC1=C(CC)C(CC)C(CC)=C1CC,1647.35368498,1762.64586582,-11.047822374200003
CCC1=C(CC)C(CC)P=C1C(C)C,1441.429371,1696.387132,-10.895276
CCC1=C(CC)C([C@H](C)CC)=C1CC,1212.008941,1562.079326,-11.256426
CCC1=C(CC)[PH](C(C)C)=C(CC)C1CC,1018.332103,1425.233353,-11.257386
CCC1=C(CC)[PH](C)=C1CC,635.1824947,797.692805,-10.667339
CCC1=C(CC)[PH](CC)=C(CC)C1C,1189.494645,1419.873632,-11.350063
CCC1=C(CC)[PH](CC)=C(CC)C1CC,1143.638225525,1440.8272957499998,-11.286074
CCC1=C(CC)[PH](CC)=C1CC,460.6462758,251.9394338,-7.64113125
CCC1=CC(C(C)(C)C)=C1,1272.217873,1627.128004,-11.1873385
CCC1=CC(C)=C(C)C1,1512.624526,1546.510725,-11.479103
CCC1=CC(C)=C(C)C1C,1455.7101535000002,1617.1960815,-11.21578575
CCC1=CC(C)=C(C)C1CC,1267.509331,1499.89832,-11.2113625
CCC1=CC(C)=C(CC)C1C,1431.722204,1613.982108,-11.321314
CCC1=CC(C)=C1,1258.156466,1455.610034,-11.374333
CCC1=CC(C)=CC1C,1369.82659,1541.888984,-11.230538
CCC1=CC(C)=CC1CC,1245.494993,1499.89832,-11.2004425
CCC1=CC(CC)=C(C(C)C)C1CC,1347.170087,1638.942564,-11.448089
CCC1=CC(CC)=C(CC)C1,1441.9268976923074,1720.106739,-11.297341884615385
CCC1=CC(CC)=C(CC)C1C,1335.561109,1632.718862,-11.477988
CCC1=CC(CC)=C(CC)C1CC,1332.926578,1638.942564,-11.446789
CCC1=CC(CC)=C1,1222.9821630833333,1412.3727580000002,-11.28607925
CCC1=CC(CC)=C1C,1085.600182,1513.629799,-11.255295
CCC1=CC=C(C)C1,1397.1862155,1547.950779,-11.396076
CCC1=CC=C(CC)C1,1267.8457106666667,1467.5073466666665,-11.203399166666665
CCC1=CC=C(CC)C1C,1366.673347,1598.005812,-11.2293465
CCC1=CC=C1,1206.2040744285714,1446.778611285714,-11.193852714285713
CCC1=CC=CC1,1404.4048252272728,1563.6679327272725,-11.225638556818183
CCC1=CC=CC1C,1328.32788,1483.213428,-11.258716
CCC1=CC=CC1CC,1247.0434144,1454.3446585999998,-11.175735200000002
CCC1=PC(C)C(CC)=C1CC,1463.552196,1799.52448,-10.821943
CCC1=PC(CC)=C(C)C1C,1620.319491,1604.940279,-11.249215
CCC1=PC(CC)=C1C(C)(C)C,1292.3568070000001,1760.2663400000001,-11.3839615
CCC1=PC(CC)=C1C(C)C,1498.787246,1770.783542,-11.1819385
CCC1=PC(CC)=C1CC,1072.3955787666666,1197.797301,-10.752193464166666
CCC1=PC(CC)=P1,1294.8074078333334,1662.2231782499996,-11.251477999999999
CCC1=PC(CC)C(C(C)C)=C1C(C)C,1419.134234,1699.6709603333336,-11.316290500000001
CCC1=PC(CC)C(CC)=C1C(C)C,1411.576522,1777.630444,-11.0372405
CCC1=PC(CC)C(CC)=C1CC,1452.7115803333334,1760.4880010833333,-11.250613708333333
CCC1=PC(CC)P=C1CC,1082.8305433785715,1361.0734517214285,-10.987098
CCC1=[PH](C(C)C)C(C(C)C)=C(C(C)C)C1CC,977.2972964,1249.010384,-11.145008
CCC1B2B1C2CC,1082.4074762700002,1234.97001838,-10.931725799999999
CCC1C(C(C)C)=BC(C(C)C)=C1C(C)C,1430.647085,1673.136199,-11.496379
CCC1C(C(C)C)=C(C(C)C)C(C(C)C)=C1C(C)C,1551.5369896666664,1754.0316433333335,-10.907214666666667
CCC=C(C)CC,1592.6140233333333,1751.6671990000002,-11.188130333333334
CCC=CCC,1489.9656180645163,1719.9255051612904,-11.220966354838707
CCCC1=C(C)C(CC)=C1,1764.693167,2002.234561,-11.471037
CCCC1=CC(CCC)=C1CC,1570.9128695,1833.4458574999999,-11.391196
CCCc1c(C)c(C)c(C)c(C)c1C(C)C,1216.896622,1519.216053,-11.332219
CCCc1c(C)c(C)c(CC)c(C)c1C(C)C,1222.147376,1364.346772,-11.279573
CCCc1c(C)c(CC)c(CC)c(C(C)C)c1C(C)C,1307.109496,1543.897726,-11.341578
CCCc1c(C)c(CC)c(CC)c(C)c1C(C)C,1312.784867,1409.651559,-11.321293
CCCc1c(C)c(CC)c(CC)c(CC)c1C(C)C,1301.886304,1540.869294,-11.363183
CCCc1c(CC)c(CC)c(C(C)C)c(CCC)c1CC,89.6,17.22994248,-5.22132375
CCCc1c(CC)c(CC)c(CC)c(C(C)C)c1C(C)C,1230.765403,1488.881391,-11.36469
CCCc1c(CC)c(CC)c(CC)c(CC)c1C(C)C,1342.630267,1541.688848,-11.461915
CCCc1c(CC)c(CC)c(CC)c(CC)c1CC,205.8,332.0821849,-6.93973925
CCCc1c(CC)c(CC)c(CC)c(CCC)c1CC,159.6,360.935624,-7.3894925
CCCc1c(CC)c(CCC)c(C(C)C)c(C(C)C)c1CC,74.2,17.22994248,-5.22132375
CCCc1c(CCC)c(CCC)c(C(C)C)c(C(C)C)c1CC,176.4,180.9783319,-6.43550475
CC[C@H](C)c1c(C(C)C)c(C(C)C)c(C(C)C)c(C(C)C)c1C(C)C,1297.3673565,1640.77910275,-11.235391625
CCc1[pH]c(CC)c(C(C)C)c1C(C)C,1310.8569225,1620.8589510000002,-11.425232999999999
CCc1c(C(C)C)c(C(C)C)c(C(C)(C)C)c(CC)c1C(C)(C)C,196.12727272727273,177.6178046309091,-6.2810198409090905
CCc1c(C(C)C)c(C(C)C)c(C(C)C)c(C(C)C)c1C(C)(C)C,1550.620937972,1781.5996628479995,-10.334673825000001
CCc1c(C(C)C)c(C(C)C)c(C(C)C)c(C(C)C)c1C(C)C,1260.4353054633332,1508.43955558,-10.140385041666665
CCc1c(C(C)C)c(C(C)C)c(C(C)C)c(C(C)C)c1C(C)CC,1297.768446,1665.069518,-11.0888675
CCc1c(C(C)C)c(C(C)C)c(CC)c(C(C)C)c1C(C)C,1452.5280839999998,1778.8854608333334,-11.273463833333336
CCc1c(C(C)C)c(C)c(C(C)C)c(CC)c1C(C)C,1222.9541095,1575.53220675,-11.230106249999999
CCc1c(C(C)C)c(CC)c(C(C)C)c(C(C)C)c1C(C)C,1363.78781075,1473.4301462500002,-11.0211889375
CCc1c(C(C)C)c(CC)c(C(C)C)c(CC)c1C(C)C,1304.850734,1618.442304,-11.11311675
CCc1c(C)c(C(C)C)c(C(C)(C)C)c(CC)c1C(C)(C)C,88.2,124.4560999,-6.3020895
CCc1c(C)c(C(C)C)c(C(C)C)c(C(C)C)c1CC,1827.020135,2172.609061,-11.2171635
CCc1c(C)c(C(C)C)c(C(C)C)c(CC)c1CC,1836.493919,2228.722753,-11.107926
CCc1c(C)c(C(C)C)c(C)c(C)c1C(C)C,1512.987773,1773.32004,-11.1504015
CCc1c(C)c(C(C)C)c(CC)c(C(C)C)c1CC,1185.227628,1442.88879,-11.29194
CCc1c(C)c(C(C)C)c(CC)c(C)c1C(C)C,1516.132612,1766.865974,-11.2298805
CCc1c(C)c(C(C)C)c(CC)c(CC)c1CC,1250.348302,1404.8794350966666,-9.481039833333334
CCc1c(C)c(C)c(C(C)(C)C)c(C)c1C(C)(C)C,49.0,40.35286676,-5.709528
CCc1c(C)c(C)c(C(C)(C)C)c(CC)c1C(C)(C)C,208.6,373.7952659,-6.699178
CCc1c(C)c(C)c(C(C)C)c(C)c1C,1516.04009,1684.8087,-11.1837375
CCc1c(C)c(C)c(C(C)C)c(C)c1C(C)C,1229.550469,1504.200067,-11.232585
CCc1c(C)c(C)c(C(C)C)c(CC)c1C,1296.349254,1701.294093,-11.36983
CCc1c(C)c(C)c(C(C)C)c(CC)c1C(C)C,1171.974511,1479.283282,-11.3519
CCc1c(C)c(C)c(C(C)C)c(CC)c1CC,165.2,209.5864453,-5.8456515
CCc1c(C)c(C)c(C)c(C(C)(C)C)c1C,147.0,22.22033146,-5.5564095
CCc1c(C)c(C)c(C)c(C(C)C)c1CC,219.8,329.815432,-7.34785725
CCc1c(C)c(C)c(C)c(C)c1C,960.3284570512818,1106.0568260202563,-9.13055619230769
CCc1c(C)c(C)c(C)c(C)c1C(C)C,249.2,227.2524605,-6.50317775
CCc1c(C)c(C)c(C)c(C)c1CC,1492.75546875,1779.1232835,-11.29661025
CCc1c(C)c(C)c(C)c(CC)c1C,638.7367965,787.52058874,-8.236432375
CCc1c(C)c(C)c(C)c(CC)c1CC,1416.891466,1669.436121,-11.311276166666666
CCc1c(C)c(C)c(CC)c(C(C)C)c1C,1190.301434,1506.640836,-11.233478
CCc1c(C)c(C)c(CC)c(C)c1C,1003.9946119230771,1129.74121372,-9.309977694615386
CCc1c(C)c(C)c(CC)c(CC)c1C,1136.0367018571428,1377.0863321564286,-10.354206885
CCc1c(C)c(C)c(CC)c(CC)c1CC,1341.9658304,1664.4821405999999,-11.334807
CCc1c(C)c(CC)c(C(C)(C)C)c(CC)c1C(C)(C)C,207.2,654.0935185,-7.0813835
CCc1c(C)c(CC)c(C(C)C)c(C)c1CC,1802.475003,2076.484471,-11.4814405
CCc1c(C)c(CC)c(C(C)C)c(CC)c1C,1532.124171,1770.384716,-11.406751
CCc1c(C)c(CC)c(C(C)C)c(CC)c1CC,1558.486954,1771.870059,-10.946129
CCc1c(C)c(CC)c(C)c(CC)c1C,1331.6631062857143,1520.2080080857145,-10.493820642857143
CCc1c(C)c(CC)c(CC)c(C)c1CC,1055.44011525,1075.195890665,-8.84306679875
CCc1c(C)c(CC)c(CC)c(CC)c1C,835.5804395,895.728060045,-8.18811425
CCc1c(C)c(CC)c(CC)c(CC)c1CC,1293.379349,1487.48501155,-10.523729874999999
CCc1c(C)cc(C)c(C)c1C,49.0,17.22994248,-5.22132375
CCc1c(CC)c(C(C)(C)C)c(CC)c(C(C)(C)C)c1C(C)C,72.8,17.22994248,-5.22132375
CCc1c(CC)c(C(C)C)c(C(C)(C)C)c(CC(C)C)c1C(C)C,1457.465853,1613.604986,-11.298945
CCc1c(CC)c(C(C)C)c(C(C)C)c(C(C)(C)C)c1CC,211.4,281.5550794,-7.04207675
CCc1c(CC)c(C(C)C)c(C(C)C)c(C(C)C)c1C(C)C,1424.3077342499998,1692.97214425,-11.160007375
CCc1c(CC)c(C(C)C)c(C(C)C)c(C(C)C)c1CC,1306.3551833757142,1492.1228059771431,-10.094186910714285
CCc1c(CC)c(C(C)C)c(C(C)C)c(CC(C)C)c1C(C)C,1356.4041472499998,1654.1138785,-11.3636774375
CCc1c(CC)c(C(C)C)c(C(C)C)c(CC)c1C(C)C,1669.6092995000001,1924.6050307500002,-11.163674625
CCc1c(CC)c(C(C)C)c(C(C)C)c([C@@H](C)CC)c1CC,1356.548788,1571.923748,-11.467516
CCc1c(CC)c(C(C)C)c(CC)c(C(C)C)c1CC,618.0,676.3667733,-8.3969305
CCc1c(CC)c(C(C)C)c(CC)c(C)c1C(C)C,1504.768531,1770.783542,-11.1838645
CCc1c(CC)c(C(C)C)c(CC)c(CC)c1C(C)C,1643.1535803333334,1927.0710653333335,-11.138580666666668
CCc1c(CC)c(CC)c(C(C)C)c(C(C)C)c1CC,1224.5554748,1306.120800818,-9.712821
CCc1c(CC)c(CC)c(C(C)C)c(CC)c1CC,1265.2926662125,1341.198379699375,-10.0314158125
CCc1c(CC)c(CC)c(CC)c(CC)c1CC,920.4448046777777,1052.7961691713888,-9.260421638888888
CCc1c(CC)c(CC)c([C@@H](C)CC)c(C(C)C)c1CC,1311.600492,1483.067709,-11.445189
CCc1c(CC)c([C@@H](C)CC)c(C(C)C)c(C(C)C)c1C(C)C,1492.813685,1745.49045,-11.0593775
CCc1cc(C)c(C)c(C)c1C,1345.5479356666667,1552.7502871666666,-11.1784495
CCc1cc(C)c(C)cc1C,737.9374625,771.6935475516666,-8.182850166666668
CCc1cc(C)c(CC)c(C)c1C,1513.430964,1763.93065,-11.401304
CCc1cc(C)c(CC)cc1C,1485.579731,1679.228227,-11.409067
CCc1cc(C)cc(C)c1C,1236.173228,1522.988969,-11.379688
CCc1cc(C)ccc1C,1206.205014,1440.976856,-11.35739
CCc1cc(CC)c(C)c(CC)c1,1447.421807,1621.082437,-11.339394
CCc1cc(CC)c(C)c(CC)c1C,1486.36598,1685.151343,-11.1912245
CCc1cc(CC)cc(CC)c1,1235.3721025999998,1517.7108952000003,-11.265686800000001
CCc1ccc(C)c(C)c1,696.771071,726.681648045,-8.27160875
CCc1ccc(C)c(C)c1C,1338.640581,1510.189284,-11.23281
CCc1ccc(C)cc1,951.2874175999999,1124.824449989,-9.859633775
CCc1ccc(C)cc1C,1049.0104116750001,1255.164661925,-10.0643835
CCc1ccc(C2=C(c3ccc(CC)cc3)C(c3ccc(CC)cc3)C(c3ccc(CC)cc3)=C2c2ccc(CC)cc2)cc1,1078.225937,1255.26082,-10.739759
CCc1ccc(CC)c(C)c1,1487.579192,1706.051391,-11.397821
CCc1ccc(CC)cc1,1330.0534745999998,1561.9541130000002,-11.2487259
CCc1cccc(C)c1,1218.7095535,1439.205072,-11.291903999999999
CCc1ccccc1,1086.2493659,1347.5211216329994,-10.448141741666666
CCc1ccccc1C,1396.79372,1600.270081,-11.1656035
C[PH]1=CCC=C1,1040.777882,1365.184399,-11.253743
C[Si](C)(C)N[Si](C)(C)C,1708.0809148,2032.8984948999998,-11.0103996
C[Si](C)(Oc1cccc2ccccc12)C([Si](C)(C)Oc1cccc2ccccc12)[Si](C)(C)Oc1cccc2ccccc12,193.5553298,292.6359194,-6.393991
C[Si](N[Si](C)(C1CCCCC1)C1CCCCC1)(C1CCCCC1)C1CCCCC1,1978.0843115,2056.659816,-11.103029583333333
Cc1c(C(C)C)ccc(C(C)C)c1C,1475.780167,1697.48869,-11.1668695
Cc1c(C)c(C(C)(C)C)c(C)c(C(C)(C)C)c1C,106.4,249.8249591,-6.68105675
Cc1c(C)c(C(C)(C)C)c(C)c(C)c1C(C)(C)C,1865.6258,2125.404329,-11.294363
Cc1c(C)c(C(C)(C)C)c(C)c(C)c1C(C)C,82.55981048,143.7771204,-5.42781675
Cc1c(C)c(C(C)C)c(C)c(C(C)(C)C)c1C,89.6,17.22994248,-5.22132375
Cc1c(C)c(C(C)C)c(C)c(C)c1C(C)C,1284.194755,1620.85976,-11.366673
Cc1c(C)c(C)c(C(C)(C)C)c(C)c1C,158.2,76.11063111,-5.4133095
Cc1c(C)c(C)c(C(C)C)c(C)c1C,1223.6645113333334,1432.9898304333335,-10.9556294375
Cc1c(C)c(C)c(C)c(C)c1C,672.5249743714286,785.9117121461429,-8.018841646428571
Cc1cc(C(C)(C)C)c(C)c(C)c1C,102.2,18.63907788,-5.426094
Cc1cc(C(C)(C)C)cc(C)c1C,88.2,45.88024332,-5.764867
Cc1cc(C(C)C)c(C)c(C)c1C,1519.764467,1773.32004,-11.1270275
Cc1cc(C(C)C)c(C)c(C)c1C(C)C,1317.671403,1705.552381,-11.140223
Cc1cc(C(C)C)cc(C)c1C,1447.858089,1621.082437,-11.354631
Cc1cc(C(C)C)ccc1C(C)C,1431.597927,1680.138641,-11.2387145
Cc1cc(C)c(C)c(C)c1,1097.1318624,1320.978866218,-10.061876100000001
Cc1cc(C)c(C)c(C)c1C,1203.9810055882353,1385.61680783,-10.025104102941176
Cc1cc(C)c(C)cc1C,1090.2552508571428,1271.3920949228573,-9.481769714285715
Cc1cc(C)cc(C)c1,57.6,17.903119225714285,-5.263443964285714
Cc1ccc(C(C)(C)C)cc1,127.4,132.0758943,-5.61906975
Cc1ccc(C(C)(C)C)cc1C,100.8,19.58606109,-5.3713695
Cc1ccc(C(C)C)cc1,1411.148816,1603.341636,-11.1147695
Cc1ccc(C(C)C)cc1C,1412.647442,1609.168992,-11.1049555
Cc1ccc(C)c(C)c1,1191.5063948428574,1398.7793389080002,-10.017116042857143
Cc1ccc(C)c(C)c1C,103.94999999999999,37.7246495125,-5.340574125
Cc1ccc(C)cc1,1058.5012262580647,1169.0520106699998,-9.651256019580646
Cc1cccc(C)c1C,22.4,17.22994248,-5.22132375
Cc1ccccc1,1017.9366644999999,1173.6392055933334,-9.507277402777776
Cc1ccccc1C,1120.8491498333333,1316.0499899133333,-10.228890791666666
P1=PP=P1,911.8686438,1242.51284,-11.184727
[pH]1[pH][pH][pH][pH]1,1317.3599381538463,1456.2878988230768,-10.922653316153847
c1ccc(C(=C(c2ccccc2)c2ccccc2)c2ccccc2)cc1,828.0708622,1181.719631,-10.9437745
c1ccc([Si](N[Si](c2ccccc2)(c2ccccc2)c2ccccc2)(c2ccccc2)c2ccccc2)cc1,2121.202801,2171.970921,-10.8871975
c1ccccc1,716.430252321875,868.74697855875,-8.6728042734375
