rank,smiles,Ucal_pred,Ueff_pred,tio_pred,scaled_target_rmse,max_train_tanimoto,target_distance
1,CC1=C(C(C)(C)C)C(C(C)C)=C1CC1=BC=B1,1999.0481,2201.3884,-11.307058,0.0034878344740718603,0.4411764705882353,0.0034878345
2,CCC1=C(C)C(CC2=BC=B2)=C1C(C)C,1999.3307,2198.1401,-11.288972,0.0049458895809948444,0.5666666666666667,0.0049458896
3,CC1=C(C(C)(C)C)C(CC2=BC=B2)=C1C(C)C,1998.7927,2200.4763,-11.311961,0.004975000862032175,0.4411764705882353,0.004975001
4,CCC1=C(CC2=BC(C(C)C)=B2)P=C1C(C)C,1996.4055,2197.146,-11.299537,0.006074423901736736,0.3333333333333333,0.006074424
5,CCC1=C(C(C)C)C(CC2=BC=B2)C(C(C)C)=C1C(C)C,1998.5132,2195.0403,-11.301008,0.006438737269490957,0.46153846153846156,0.0064387373
6,CCC1=BC(CCC(C)(C)CC)=B1,1995.52,2199.3467,-11.293709,0.006694397423416376,0.5,0.0066943974
7,CC(C)C1=BC(CC2=BC=B2)=C(C(C)C)C1C(C)C,1995.0999,2198.476,-11.29999,0.007013294845819473,0.3333333333333333,0.007013295
8,CCC1=C(C)C(CC2=BC=B2)=C1C,1995.3142,2197.9707,-11.292971,0.00744699826464057,0.4782608695652174,0.0074469983
9,CCC1=BC(CCc2cc(CC)c(C)c(C(C)C)c2CC)=B1,1994.7021,2197.9253,-11.299719,0.0077397641725838184,0.4166666666666667,0.007739764
10,CCC1=BC(CC(C)CC)=B1,2002.271,2206.0615,-11.300458,0.008078078739345074,0.55,0.008078079
11,CCC1=BC(CC2C(CC)=C(CC)C(C(C)C)=C2CC)=B1,1995.918,2195.6694,-11.290363,0.008604075759649277,0.4864864864864865,0.008604076
12,CC1=C(C)C(CC2=BC=B2)=C1C,1993.8394,2198.7412,-11.305664,0.00891353003680706,0.36,0.00891353
13,CC1=C(C)C(C)C(CC2=BC=B2)=C1C,1998.2832,2200.418,-11.322072,0.008918755687773228,0.4666666666666667,0.008918756
14,CC1=C(C(C)C)C(C(C)C)=C1C(C)(C)CC1=BC=B1,2003.3992,2202.5574,-11.317812,0.008934480138123035,0.37142857142857144,0.00893448
15,CC1=C(C2=BC(C(C)C)=B2)C(C(C)(C)C)=C(C)C1C(C)(C)C,2002.1824,2206.0295,-11.312569,0.009369018487632275,0.4838709677419355,0.0093690185
16,CCC1=BC(CC2=C(C)C(C)=C(C)C2C(C)C)=B1,1994.7957,2194.7617,-11.301106,0.009648789651691914,0.6129032258064516,0.00964879
17,CCC1=BC(CC2C(CC)=BC(C)=C2C(C)C)=B1,1994.815,2195.1914,-11.293128,0.00965216476470232,0.36666666666666664,0.009652165
18,CC(C)C1=BC(C(C)(C)C2B3B2C3C(C)C)=B1,1996.5636,2205.275,-11.313847,0.009665601886808872,0.35714285714285715,0.009665602
19,CC1=C(C)C(CC2=BC=B2)C(C)=C1C(C)C,1996.6006,2193.1194,-11.298599,0.009678924456238747,0.39473684210526316,0.009678924
20,CCC1=C(C)B=C(C)C1CC1=BC=B1,1995.4331,2195.8643,-11.314565,0.009877040982246399,0.2857142857142857,0.009877041
21,CCC1=BC(CC2=C(C(C)(C)C)C(CC)=C2C(C)C)=B1,1998.8175,2201.616,-11.324565,0.009892091155052185,0.6451612903225806,0.009892091
22,CCC1=BC(C(C)=C(C)C)=B1,1994.5255,2195.2927,-11.291755,0.010035921819508076,0.5,0.010035922
23,CCC1=BC(CC2=C(CC)C(C(C)C)C(CC)=C2CC)=B1,1999.3396,2192.9697,-11.3140545,0.010258601047098637,0.5,0.010258601
24,CCC1=C(C(C)C)C(C(C)C)=C1CC1=BC=B1,2004.4762,2196.657,-11.318472,0.010323508642613888,0.5384615384615384,0.010323509
25,CCC1=C(C(C)C)C(CC2=BC=B2)=C(C(C)C)C1C(C)C,2003.0369,2194.6543,-11.282558,0.010327105410397053,0.6216216216216216,0.010327105
26,CCC1=C(C(C)C)C(CC2=BC=B2)C(C(C)C)=C1CC,1996.1727,2192.6357,-11.299768,0.010472139343619347,0.45714285714285713,0.010472139
27,CCC1=C(CC2=BC=B2)B=C(C(C)C)C1C(C)C,2000.2815,2195.867,-11.323792,0.010560227558016777,0.37209302325581395,0.010560228
28,CC1=C(CC2=BC=B2)C(C(C)C)=C(C)C1C(C)C,1997.6727,2199.2092,-11.325919,0.010622689500451088,0.325,0.0106226895
29,CC(C)C1=CC(C(C)C)=C1CC1=BC=B1,1999.4009,2203.198,-11.325563,0.010720583610236645,0.2647058823529412,0.010720584
30,CC1=C(C)C(CC2=BC=B2)C(C)=C1C,1995.6807,2193.5337,-11.289288,0.010766144841909409,0.3225806451612903,0.010766145
31,CC(C)C1=C(CC2=BC=B2)C(C(C)C)=C1C(C)(C)C,2001.2961,2204.2146,-11.324122,0.010861929506063461,0.43333333333333335,0.0108619295
32,CCC1=C(CC2=BC=B2)C(C(C)C)=C1CC,1992.4473,2197.1357,-11.297304,0.011045482940971851,0.5357142857142857,0.011045483
33,CCC1=BC(CC2C(C)=C(C)C(C)=C2C(C)C)=B1,1997.2087,2206.5718,-11.317352,0.011202237568795681,0.4444444444444444,0.011202238
34,CCC1=BC(CC2=C(CC)C=C2CC)=B1,2004.9641,2197.0337,-11.32103,0.01127089373767376,0.44,0.011270894
35,CCC1=BC(C(C)C2C(CC)=BC(C(C)C)=C2CC)=B1,2001.6575,2205.2632,-11.323133,0.011310727335512638,0.4,0.011310727
36,CC(C)C1=C(C(C)C)C(C(C)C2=BC=B2)=C1C(C)C,1992.022,2198.1162,-11.296275,0.011337902396917343,0.4,0.011337902
37,CCC1=BC(CC2=C(C(C)C)C(C)=C(C)C2C)=B1,1992.7705,2195.9536,-11.294185,0.011368692852556705,0.41025641025641024,0.011368693
38,CC(C)C1=C(C(C)C)C(CC2=BC=B2)C(C(C)C)=C1C(C)C,1994.5404,2193.1245,-11.304083,0.011424691416323185,0.4666666666666667,0.011424691
39,CC1=C(C)C(C(C)C)=C1CC1=BC=B1,1992.612,2196.7126,-11.290891,0.01151927001774311,0.4666666666666667,0.01151927
40,CC(C)C1=CC(C(C)C)=C1C(C)(C)CC1=BC=B1,1991.746,2201.9136,-11.303558,0.011707198806107044,0.24390243902439024,0.011707199
41,CCC1=BC(CC2C(CC)=C(CC)C(CC)=C2C(C)C)=B1,2000.1553,2193.9185,-11.276524,0.011797159910202026,0.6060606060606061,0.01179716
42,CC1=C(C2=BC(C(C)C)=B2)C(C(C)C)=C1C,1994.0496,2192.983,-11.305531,0.012093407101929188,0.43478260869565216,0.012093407
43,CCC1=BC(CC(C)C)=B1,2001.053,2203.262,-11.329114,0.012097061611711979,0.6111111111111112,0.012097062
44,CC1=C(C(C)C)C(C(C)C)=C1CC1=BC=B1,2000.3567,2192.8594,-11.27819,0.012209729291498661,0.375,0.012209729
45,CCC1=BC(CC2=C(C)C(C(C)C)=C(CC)C2CC)=B1,2004.3042,2205.181,-11.322353,0.01230005081743002,0.6875,0.012300051
46,CCC1=C(CC2=BC=B2)C(C(C)C)=P1,1998.9897,2190.3247,-11.2908,0.012486729770898819,0.3157894736842105,0.01248673
47,CCC1=BC(CC2=C(C(C)C)C(CC)=C2C(C)C)=B1,2000.9691,2204.5417,-11.328759,0.012568730860948563,0.5652173913043478,0.012568731
48,CCC1=C(CC)C(C(C)(C)CC2=BC(C(C)C)=B2)C(CC)=C1C(C)C,2007.832,2198.983,-11.316571,0.012640941888093948,0.4146341463414634,0.012640942
49,CCC(CC1=BC(C(C)C)=B1)=C(CC)C(C)C,1997.6921,2200.1543,-11.268362,0.012710010632872581,0.5,0.012710011
50,CCC1=BC(CC2=C(CC)C(CC)=C2C(C)(C)C)=B1,2004.6259,2191.9624,-11.31419,0.01298424694687128,0.5769230769230769,0.012984247
51,CCC1=BC(CC2B3B2C3(C)C)=B1,2007.1638,2198.7507,-11.278582,0.013014287687838078,0.4583333333333333,0.013014288
52,CCC1=C(C)C(C)=C1CC1=BC=B1,2007.0242,2197.1343,-11.278125,0.013365044258534908,0.38461538461538464,0.013365044
53,CC1=C(C(C)(C)C)C(CC2=BC(C(C)C)=B2)=C1C(C)(C)C,2000.2344,2189.897,-11.313539,0.013481746427714825,0.4375,0.013481746
54,CC1=C(C(C)C)C(CC2=BC=B2)C(C)=C1C(C)C,1990.7976,2196.8716,-11.2931795,0.01352457981556654,0.375,0.01352458
55,CCC1=BC(CC2C(CC)=BC(CC)=C2C(C)C)=B1,1990.0343,2198.998,-11.303134,0.013854787684977055,0.36666666666666664,0.013854788
56,CCC1=BC(CC2=C(CC)C(C(C)C)=P2)=B1,1990.6187,2198.0674,-11.312188,0.01398368738591671,0.39285714285714285,0.013983687
57,CCC1=BC(CC2=C(C)C(CC)=C2C(C)C)=B1,2003.3931,2200.6047,-11.265961,0.014059928245842457,0.6071428571428571,0.014059928
58,CC(C)C1=C(C(C)C)C(C(C)C)C(C(C)CC2=BC=B2)=C1C(C)C,2000.4603,2188.5166,-11.298555,0.014127681963145733,0.5161290322580645,0.014127682
59,CCC1=BC(CC2C(C)=C(C)C(C)=C2C)=B1,1994.7563,2192.9983,-11.277951,0.014133908785879612,0.5,0.014133909
60,CCC1=C(C(C)C)C(CC2=BC=B2)=C1C(C)C,1998.0088,2202.9749,-11.334418,0.014143387787044048,0.52,0.014143388
61,CC1=C(CC2=BC(C(C)C)=B2)C(C(C)C)=C1C,2003.5339,2202.1294,-11.333521,0.014160661026835442,0.3870967741935484,0.014160661
62,CC(CC1=BC(C(C)C)=B1)=C(C)C(C)C,1992.8132,2193.0088,-11.284916,0.014366273768246174,0.4,0.014366274
63,CC1=C(C(C)C)C(C(C)(C)C)=C1CC1=BC=B1,1998.3364,2209.2197,-11.322752,0.014551369473338127,0.4166666666666667,0.0145513695
64,CCC1=C(C(C)C)C(CC2=BC=B2)C(C)=B1,1994.9746,2193.8384,-11.273414,0.014567081816494465,0.32558139534883723,0.014567082
65,CCC1=BC(CC2=C(C(C)(C)C)C(C)=C2C(C)C)=B1,1991.7275,2192.2476,-11.300869,0.014864500612020493,0.45714285714285713,0.014864501
66,CC1=C(C)C(C(C)(C)CC2=BC=B2)C(C(C)(C)C)=C1C,2000.6865,2204.233,-11.335734,0.01486693974584341,0.3611111111111111,0.01486694
67,CCC1=C(C(C)C)C(CC2=BC=B2)C(CC)=C1C(C)C,2010.6819,2200.6,-11.294772,0.014891847968101501,0.475,0.014891848
68,CCC1=C(CC)C(CC2=BC=B2)C(C)=B1,2009.5381,2205.4758,-11.294802,0.014912929385900497,0.34210526315789475,0.014912929
69,CCC1=C(C(C)(C)C)C(CC2=BC=B2)=C1C(C)C,1996.2678,2191.254,-11.276398,0.015036918222904205,0.6060606060606061,0.015036918
70,CC(C)C1=C(C(C)C)C(C(C)(C)CC2=BC=B2)=C1,1993.7771,2189.8284,-11.297792,0.015180462971329689,0.275,0.015180463
71,CC(C)C1=BC(CC(C)C2B3B2C3C(C)C)=B1,2004.1208,2188.6646,-11.293138,0.015271278098225594,0.4074074074074074,0.015271278
72,CC(C)C1=C(C(C)C)C(C(C)CC2=BC=B2)C(C(C)C)=C1C(C)C,1999.5776,2207.08,-11.332791,0.015444946475327015,0.43333333333333335,0.0154449465
73,CCC1=BC(CC2=C(C(C)(C)C)C(CC)=C2CC)=B1,1996.7482,2190.8423,-11.274985,0.015531409531831741,0.5769230769230769,0.0155314095
74,CC1=C(C)C(CC2=BC=B2)C(C(C)C)=C1C(C)C,2010.5991,2198.2952,-11.287525,0.015545347705483437,0.3611111111111111,0.015545348
75,CC1=C(C(C)C)C(CC2=BC(C(C)C)=B2)C(C)=C1C(C)C,2004.6776,2200.7065,-11.336651,0.01566912606358528,0.38461538461538464,0.015669126
76,CC(C)C1=BC(CC(C)(C)C2B3B2C3(C)C)=B1,1996.1982,2207.0415,-11.330957,0.01572273299098015,0.3225806451612903,0.015722733
77,CCC1=C(C(C)C)C(C(C)C)=C(CC)C1C(C)CC1=BC(C(C)C)=B1,2003.0701,2189.583,-11.278831,0.015791039913892746,0.4444444444444444,0.01579104
78,CC1=C(CC2=BC(C(C)C)=B2)C(C)=C1C(C)C,2010.5266,2195.1934,-11.294472,0.015820566564798355,0.3870967741935484,0.015820567
79,CC(C)C1=PC(C(C)C)=C1CC1=BC=B1,1997.5022,2189.0337,-11.280419,0.01584985852241516,0.36363636363636365,0.015849859
80,CCC1=C(CC)C(CC2=BC=B2)C(C(C)C)=B1,2000.9177,2191.586,-11.2687025,0.016015801578760147,0.425,0.016015802
81,CCC1=BC(C2=C(C)C(C(C)(C)C)C(C)=C2C(C)(C)C)=B1,2005.8306,2194.2563,-11.330715,0.016034381464123726,0.4838709677419355,0.016034381
82,CCC1=BC(CC2C(CC)=C(C(C)C)C(C(C)C)=C2CC)=B1,2010.9244,2204.7424,-11.302949,0.016195522621273994,0.5517241379310345,0.016195523
83,CC(C)C1=C(C(C)C)C(C(C)(C)C)=C1CC1=BC=B1,2011.5374,2202.5916,-11.301923,0.016246307641267776,0.53125,0.016246308
84,CCC1=BC(CC2C(C(C)C)=BC(C)=C2CC)=B1,2007.8296,2195.2473,-11.272442,0.016295718029141426,0.4473684210526316,0.016295718
85,CC1=C(C(C)C)C(CC2=BC=B2)C(C(C)C)=C1C,2004.5214,2187.875,-11.306321,0.01632949896156788,0.4,0.016329499
86,CCC1=BC(CC2=C(CC)C(C(C)(C)C)=C2C(C)C)=B1,1997.0149,2188.9216,-11.279256,0.016343874856829643,0.5454545454545454,0.016343875
87,CCC1=BC(C(C)C(C)CC)=B1,1996.2615,2188.2944,-11.284954,0.016354497522115707,0.45454545454545453,0.016354498
88,CC1=C(C2=BC(C(C)C)=B2)C(C(C)(C)C)=C1C,2004.4609,2206.9624,-11.33221,0.016366364434361458,0.3870967741935484,0.016366364
89,CC1=C(C(C)C)C(C(C)(C)CC2=BC=B2)=C1C(C)C,1991.4109,2191.8486,-11.285961,0.01644298993051052,0.37142857142857144,0.01644299
90,CC(C)C1=BC(CC(C)C2=C(C(C)C)C(C(C)C)=C2C(C)C)=B1,1992.6611,2189.4922,-11.295798,0.016482070088386536,0.43478260869565216,0.01648207
91,CC1=C(C)C(C(C)(C)CC2=BC=B2)C(C)=C1C(C)(C)C,2006.5724,2196.3352,-11.333946,0.016634443774819374,0.47058823529411764,0.016634444
92,CCC1=BC(CC2=C(C)C(C)C(C(C)C)=C2C)=B1,1995.1477,2188.5452,-11.284839,0.016656633466482162,0.4411764705882353,0.016656633
93,CCC1=BC(CC2=C(C(C)C)C(CC)=C(CC)C2CC)=B1,1998.5521,2186.584,-11.307797,0.016870897263288498,0.5405405405405406,0.016870897
94,CC(C)C1=C(C(C)C)C(C(C)(C)CC2=BC=B2)=C1C(C)C,1997.6497,2186.6116,-11.294089,0.016915172338485718,0.5,0.016915172
95,CCC1=BC(CC2=C(CC)C(C)(C)C(C(C)C)=B2)=B1,2003.3153,2197.038,-11.259118,0.016938021406531334,0.36666666666666664,0.016938021
96,CCC=CCC1=BC=B1,2009.6299,2195.5112,-11.27666,0.017006082460284233,0.38095238095238093,0.017006082
97,CCC1=C(CC)C(CC2=BC=B2)=P1,2000.9326,2186.3984,-11.307984,0.017038188874721527,0.5172413793103449,0.017038189
98,CC1=C(C(C)C)C(CC2=BC=B2)=C1C(C)(C)C,1993.4043,2188.3247,-11.304641,0.01707630790770054,0.4411764705882353,0.017076308
99,CC1=C(C(C)C)C(C(C)(C)C)=C1CC1=BC(C(C)C)=B1,1996.0917,2186.7717,-11.300034,0.017116153612732887,0.42857142857142855,0.017116154
100,CC1=C(C(C)C)C(C(C)(C)CC2=BC=B2)=C1C,2001.4076,2192.752,-11.337271,0.017119191586971283,0.3333333333333333,0.017119192
101,CC(C)C1=BC(CC(C)(C)C2B3B2C3C(C)C)=B1,1998.7041,2186.0974,-11.293448,0.01735447160899639,0.3225806451612903,0.017354472
102,CC(C)C1=BC(CC(C)C2B3B2C3(C)C)=B1,2006.9353,2189.0095,-11.314764,0.017511161044239998,0.3448275862068966,0.017511161
103,CCC1=BC(CC2=C(CC)C(C)=C2C(C)C)=B1,2003.7072,2195.4053,-11.341088,0.01770009659230709,0.6071428571428571,0.017700097
104,CC(C)C1=BC(CC2=C(C(C)(C)C)C(C(C)C)=C2C(C)(C)C)=B1,2005.2827,2187.888,-11.316261,0.017729273065924644,0.53125,0.017729273
105,CCC1=C(C(C)C)C(CC2=BC(C(C)C)=B2)=C1C(C)C,2001.7566,2186.38,-11.284957,0.0178846288472414,0.5416666666666666,0.017884629
106,CC1=C(C(C)(C)C)C(C(C)C)=C1CC1=BC(C(C)C)=B1,2000.1328,2188.8281,-11.270266,0.017943521961569786,0.45454545454545453,0.017943522
107,CCC1=C(C(C)C)B=C(C)C1CC1=BC=B1,2009.4832,2195.698,-11.328793,0.018010534346103668,0.48717948717948717,0.018010534
108,CCC1=C(C)B=C(CC2=BC=B2)C1C(C)C,1996.3025,2186.4722,-11.285979,0.0182134248316288,0.35,0.018213425
109,CCC1=C(C(C)C)C(CC2=BC(C(C)C)=B2)=C1C(C)(C)C,1997.3191,2185.499,-11.29379,0.018347492441534996,0.625,0.018347492
110,CCC1=C(C(C)C)C(CC)C(CC2=BC(C(C)C)=B2)=C1C(C)C,2012.8752,2203.7288,-11.302219,0.018360529094934464,0.5128205128205128,0.01836053
111,CCC1=C(CC)C(C(C)C)P=C1CC1=BC=B1,2006.6946,2191.793,-11.26724,0.01868569478392601,0.34146341463414637,0.018685695
112,CCC1=C(CC2=BC=B2)C(C(C)C)=C(CC)C1C(C)C,1998.2394,2191.2183,-11.26119,0.018707774579524994,0.6,0.018707775
113,CC1=C(C(C)C)C(C)C(C(C)C)=C1CC1=BC=B1,1992.8967,2187.099,-11.295438,0.01871216669678688,0.4,0.018712167
114,CC1=C(C)C(C2=BC(C(C)C)=B2)C(C)=C1C(C)(C)C,1999.1272,2196.9438,-11.3471575,0.018757320940494537,0.40540540540540543,0.018757321
115,CCC1=BC(CC2=C(CC)C(C(C)C)=C(C)C2C)=B1,1998.748,2189.878,-11.263697,0.018889358267188072,0.4,0.018889358
116,CC1=C(C)C(C(C)C)C(C)=C1CC1=BC(C(C)C)=B1,1994.2805,2185.852,-11.2953415,0.019167453050613403,0.37142857142857144,0.019167453
117,CC(C)CC1=BC(C(C)C)=B1,1999.731,2184.3926,-11.298395,0.019180485978722572,0.5263157894736842,0.019180486
118,CCC1=BC(C(C)c2c(C)c(C)c(C)c(C)c2C(C)C)=B1,1996.7222,2187.3906,-11.271882,0.01948823779821396,0.45161290322580644,0.019488238
119,CCC1=BC(CC2=C(C)C(C)=C2C)=B1,2004.8663,2191.437,-11.33912,0.019674083217978477,0.5238095238095238,0.019674083
120,CCC1=BC(C(C)C(C)C)=B1,2007.9088,2187.384,-11.283325,0.020027250051498413,0.5,0.02002725
121,CC(C)C1=C(C(C)C)C(C(C)C)C(C(C)C)=C1CC1=BC=B1,1998.7363,2184.0312,-11.290384,0.0200397577136755,0.46875,0.020039758
122,CCC1=BC(CC2=BC=B2)=C(C(C)C)C1C(C)C,2008.6646,2193.2222,-11.264395,0.020095663145184517,0.32558139534883723,0.020095663
123,CCC1=BC(CC2C(C)=C(C)C(C(C)C)=C2CC)=B1,1996.6692,2184.3518,-11.309813,0.020123470574617386,0.5,0.02012347
124,CC(C)C1=BC(C(C)(C)C2=CC=C2)=B1,1999.3892,2183.681,-11.305515,0.020172741264104843,0.39285714285714285,0.020172741
125,CC1=C(CC2=BC=B2)C(C(C)C)=C1C,1994.4673,2185.0383,-11.308631,0.020176680758595467,0.3870967741935484,0.02017668
126,CCC1=BC(C2=C(C(C)(C)C)C(C)=C(C(C)(C)C)C2C)=B1,1995.6467,2184.0364,-11.30221,0.02052115462720394,0.47058823529411764,0.020521155
127,CCC1=BC(C2=C(C)C(C(C)(C)C)C(C)=C2C)=B1,1994.4452,2184.6353,-11.292631,0.020565668120980263,0.4411764705882353,0.020565668
128,CCC1=BC(C(C)C2=C(CC)C=C2CC)=B1,2013.6965,2200.2603,-11.276844,0.020931031554937363,0.375,0.020931032
129,CCC1=C(C(C)C)C(C(C)CC2=BC(C(C)C)=B2)C(CC)=C1C(C)C,2002.1311,2190.1045,-11.256403,0.021065570414066315,0.5789473684210527,0.02106557
130,CCC1=BC(CC(C)(C)C2B3B2C3(C)C)=B1,2012.0778,2191.3433,-11.281003,0.021098079159855843,0.39285714285714285,0.02109808
131,CC1=C(C)C(C(C)(C)CC2=BC(C(C)C)=B2)C(C)=C1C(C)C,2007.9497,2190.3533,-11.335821,0.021322062239050865,0.325,0.021322062
132,CCC1=BC(CC2=C(C)C(C)=C2C(C)C)=B1,2001.499,2184.8408,-11.272997,0.021473534405231476,0.4666666666666667,0.021473534
133,CCC1=BC(CC2=PC(CC)=C2CC)=B1,2010.782,2189.647,-11.276562,0.02158481627702713,0.5555555555555556,0.021584816
134,CCC1=BC(CCc2cc(CC)c(C(C)C)c(CC)c2C(C)C)=B1,2003.4917,2184.253,-11.277424,0.021777119487524033,0.40625,0.02177712
135,CC(C)c1c(C(C)CC2=BC=B2)[pH]c(C(C)(C)C)c1C(C)C,1994.8987,2183.3008,-11.293751,0.021816886961460114,0.5428571428571428,0.021816887
136,CCC1=BC(CC2=C(CC)C(C(C)C)=C2C)=B1,2000.5791,2182.1182,-11.298105,0.021986709907650948,0.6071428571428571,0.02198671
137,CCC1=BC(CC2=C(C(C)C)C(CC)=P2)=B1,2006.5774,2202.8477,-11.248548,0.022246258333325386,0.6,0.022246258
138,CCC1=BC(CC2=C(CC)C(C(C)C)C(CC)=C2C(C)C)=B1,2009.5223,2194.0469,-11.34229,0.022280560806393623,0.6363636363636364,0.02228056
139,CCC1=BC(C(C)C2C(C)=C(C)C(C(C)C)=C2C)=B1,1993.634,2216.2908,-11.286506,0.022469520568847656,0.38461538461538464,0.02246952
140,CCC1=BC(CC(CC)CC)=B1,2003.9758,2183.3816,-11.28018,0.02249402180314064,0.5789473684210527,0.022494022
141,CCC1=BC(CC2=C(C)B=C(CC)C2C(C)C)=B1,2002.4482,2184.9304,-11.267747,0.02260979637503624,0.36666666666666664,0.022609796
142,CCC1B2B1C2C(C)(C)CC1=BC=B1,2009.1375,2184.7202,-11.3070545,0.022770168259739876,0.3333333333333333,0.022770168
143,CC1=C(C(C)C)C(CC2=BC=B2)=C1C(C)C,2003.2544,2182.2559,-11.286003,0.022904476150870323,0.375,0.022904476
144,CCC1=BC(CC2=C(C)C(C)=C(C(C)C)C2C)=B1,2005.0428,2182.6577,-11.2861395,0.023043645545840263,0.625,0.023043646
145,CCC1=BC(CC2C(CC)=C(C)C(C(C)C)=C2CC)=B1,2001.999,2182.4883,-11.321491,0.023236356675624847,0.6060606060606061,0.023236357
146,CCC1=BC(C(C)=C(C)CC)=B1,2004.1812,2183.058,-11.27679,0.02340090461075306,0.45454545454545453,0.023400905
147,CCC1=BC(CC2=C(CC)C(C(C)C)=C2CC)=B1,2012.7839,2198.1597,-11.34218,0.024188926443457603,0.5769230769230769,0.024188926
148,CC1=C(C(C)(C)CC2=BC=B2)C(C)C(C)=C1C(C)(C)C,2009.6947,2183.8574,-11.311939,0.02435906045138836,0.4166666666666667,0.02435906
149,CC1=C(CC2=BC=B2)C(C)=C1C(C)C,2001.4666,2180.3672,-11.28744,0.024682920426130295,0.375,0.02468292
150,CC(C)=CC1=BC(C(C)C)=B1,2013.2004,2186.0552,-11.295776,0.02504979632794857,0.47619047619047616,0.025049796
151,CCC1=C(C(C)C)C(C(C)C)=C(C(C)C)C1CC1=BC=B1,1998.3862,2179.6455,-11.292281,0.02527419477701187,0.5714285714285714,0.025274195
152,CCC1=BC(CCc2c(C)c(C)c(C)c(C)c2C(C)C)=B1,1998.9773,2179.7314,-11.288052,0.02536010555922985,0.5806451612903226,0.025360106
153,CC(C)C1=C(CC2=BC=B2)C(C(C)(C)C)=C1C(C)C,1996.2931,2179.773,-11.294156,0.025462297722697258,0.42857142857142855,0.025462298
154,CC1=C(C)C(C)C(C(C)C)=C1CC1=BC(C(C)C)=B1,2006.3057,2180.8135,-11.312094,0.025552650913596153,0.45454545454545453,0.02555265
155,CC(C)C1=C(CC2=BC=B2)C(C(C)C)C(C(C)C)=C1C(C)C,2005.2378,2179.5295,-11.295627,0.026211611926555634,0.5428571428571428,0.026211612
156,CC1=C(C(C)C)C(C)C(CC2=BC=B2)=C1C(C)C,2011.5974,2187.8916,-11.339564,0.026715684682130814,0.45714285714285713,0.026715685
157,CCC1=BC(CC2C(CC)=BC(C(C)C)=C2CC)=B1,2006.4836,2187.3164,-11.248378,0.026936937123537064,0.4864864864864865,0.026936937
158,C=C(C(C)C)C(C)(C)C1=BC(C(C)C)=B1,2007.5459,2179.7654,-11.296213,0.02698119729757309,0.4,0.026981197
159,CC1=C(C(C)C)C(CC2=BC=B2)=C(C(C)C)C1C,2005.5153,2180.6274,-11.272857,0.0271160826086998,0.3611111111111111,0.027116083
160,CCC1=C(CC)C(C(C)C)=C1CC1=BC=B1,2011.0222,2218.5552,-11.298287,0.0274011492729187,0.5357142857142857,0.02740115
161,CC(C)C1=BC(CC(C)(C)C2=CC=C2)=B1,2004.2664,2178.6675,-11.317844,0.02773248217999935,0.3548387096774194,0.027732482
162,CCC(=C(C)CC1=BC(C(C)C)=B1)C(C)C,2002.9711,2181.0798,-11.262027,0.027833888307213783,0.39285714285714285,0.027833888
163,CCC1C(CC2=BC=B2)=C(C(C)C)C(C(C)C)=C1C(C)C,2000.7339,2177.2512,-11.304397,0.0280072633177042,0.5714285714285714,0.028007263
164,CC1=C(C(C)C)C(C)C(C(C)(C)C2=BC(C(C)C)=B2)=C1C,2006.2075,2177.8853,-11.304786,0.028536595404148102,0.4594594594594595,0.028536595
165,CC1(C)B2B1C2C(C)(C)CC1=BC=B1,2010.2725,2181.8223,-11.270759,0.028782006353139877,0.2,0.028782006
166,CCC1=BC(C(C)C2C(CC)=C(CC)C(CC)=C2CC)=B1,2020.51,2195.8792,-11.289755,0.029014278203248978,0.4,0.029014278
167,CC1=C(CC2=BC(C(C)C)=B2)C(C(C)C)=C1C(C)(C)C,2020.8247,2204.2114,-11.297555,0.0292018074542284,0.45454545454545453,0.029201807
168,CC1=C(C)C(C)C(C(C)(C)CC2=BC=B2)=C1C(C)(C)C,2003.9714,2177.775,-11.324672,0.02944483794271946,0.5142857142857142,0.029444838
169,CCC1=BC(C(C)C(C)(C)CC)=B1,2008.0857,2186.2637,-11.243146,0.02996295690536499,0.4166666666666667,0.029962957
170,CC1=PC(C)C(CC2=BC=B2)=C1C,2005.2693,2177.1084,-11.280039,0.030056171119213104,0.375,0.030056171
171,CCC1=C(C(C)(C)CC2=BC(C(C)C)=B2)C(C)=C1C(C)C,2012.7678,2181.5918,-11.324927,0.03025168739259243,0.4473684210526316,0.030251687
172,CCC1=PC(C(C)C)=C1CC1=BC=B1,2012.4381,2182.198,-11.26606,0.03076503612101078,0.35135135135135137,0.030765036
173,CC(C)C1=C(C(C)C)C(C(C)C)P=C1C(C)CC1=BC=B1,2012.5356,2183.0503,-11.337689,0.03077438659965992,0.5405405405405406,0.030774387
174,CCC1=C(CC)C(CC2=BC=B2)C(CC)=C1C(C)C,2006.8005,2177.4546,-11.27376,0.03096264787018299,0.46153846153846156,0.030962648
175,CC1=C(C)C(C(C)C)C(CC2=BC=B2)=C1C(C)C,2005.0173,2178.5752,-11.339615,0.031264644116163254,0.39473684210526316,0.031264644
176,CC(C)C1=C(CC2=BC=B2)C(C(C)C)=C1C(C)C,2003.6125,2174.2615,-11.297505,0.03201333060860634,0.4444444444444444,0.03201333
177,CCC1=BC(CC2=C(C)C(C(C)C)=C(C)C2C)=B1,2004.9966,2174.3806,-11.3004055,0.03220836818218231,0.4864864864864865,0.03220837
178,CC1=C(C(C)(C)C)C(CC2=BC(C(C)C)=B2)=C1C(C)C,2004.1099,2173.9028,-11.296062,0.03258220851421356,0.45454545454545453,0.03258221
179,CC1=BC(CC2=BC=B2)=C(C(C)C)C1C(C)C,2009.2563,2176.117,-11.318168,0.03275906294584274,0.3157894736842105,0.032759063
180,CCC1=BC(CC)=C1CC1=BC=B1,2015.2584,2179.392,-11.315098,0.03343508765101433,0.5357142857142857,0.033435088
181,CCC1=BC(CC(C)(C)C2B3B2C3CC)=B1,2006.3102,2173.2964,-11.298589,0.033933304250240326,0.39285714285714285,0.033933304
182,CCC1=C(C)C(C(C)C)=C(C)C1CC1=BC=B1,2010.4121,2184.4612,-11.36221,0.03399515897035599,0.5833333333333334,0.03399516
183,CCC1=BC(C2C(C(C)(C)C)=C(C)C(C)=C2C(C)(C)C)=B1,2010.0426,2176.8667,-11.333112,0.03412846848368645,0.4117647058823529,0.03412847
184,CCC=CCC1=BC(CC)=B1,2013.8337,2176.5918,-11.28743,0.0348476804792881,0.55,0.03484768
185,CCC1=BC(CC2=C(CC)C(CC)=C2CC)=B1,2010.1184,2173.7432,-11.295337,0.035182464867830276,0.6111111111111112,0.035182465
186,CCC1=BC(CC2=C(CC)C(C(C)C)C(C)=C2CC)=B1,2019.8381,2181.597,-11.2992115,0.03549111261963844,0.4594594594594595,0.035491113
187,CC1=C(C)C(C(C)C)=C1CC1=BC(C(C)C)=B1,2007.4717,2172.0942,-11.311793,0.036078549921512604,0.4827586206896552,0.03607855
188,CC1=C(C)C(C(C)(C)C)C(C)=C1C1=BC(C(C)C)=B1,2006.0872,2170.977,-11.307966,0.03674813732504845,0.4411764705882353,0.036748137
189,CC1=C(CC2=BC=B2)C(C(C)C)C(C)=C1C(C)C,2010.6477,2172.58,-11.293974,0.03681132569909096,0.36585365853658536,0.036811326
190,CCC1=BC(CC2=C(C)C(C(C)C)C(C)=C2C)=B1,2007.6295,2171.5142,-11.315629,0.037032902240753174,0.42857142857142855,0.037032902
191,CCC1=BC(C(C)C2=C(CC)C(CC)=C2CC)=B1,2007.0762,2172.537,-11.268076,0.03724011778831482,0.48148148148148145,0.037240118
192,CCC1=BC(C(C)C2=C(CC)C(C(C)C)=C2CC)=B1,2010.6992,2173.0488,-11.276545,0.03736894205212593,0.5416666666666666,0.037368942
193,CC1=C(C(C)(C)C)C(C)C(C(C)(C)CC2=BC=B2)=C1C,2010.0109,2171.4568,-11.315726,0.03816746175289154,0.4117647058823529,0.03816746
194,CCC1=BC(CC2=C(C)C(CC)=C2C)=B1,2011.3167,2172.159,-11.317459,0.03819333016872406,0.5238095238095238,0.03819333
195,CCC1=C(C(C)C)C(CC)C(CC2=BC=B2)=C1C(C)C,2006.7876,2167.733,-11.298873,0.040719062089920044,0.5,0.040719062
196,CCC1=C(CC2=BC=B2)B=C1C(C)C,2010.0638,2168.8289,-11.293031,0.040809132158756256,0.4,0.040809132
197,CC1=C(CC2=BC=B2)C(C)C(C(C)C)=C1C(C)C,2015.4662,2172.6023,-11.325816,0.04108447954058647,0.5555555555555556,0.04108448
198,CCC1=BC(CC2=C(C)C(C(C)C)=C2C)=B1,2014.3972,2170.88,-11.28766,0.041185565292835236,0.4666666666666667,0.041185565
199,CC1=CC(C)=C(C)C1CC1=BC=B1,2018.4907,2172.202,-11.30717,0.042704250663518906,0.38235294117647056,0.04270425
200,CCC1=BC(CC2=C(C(C)C)C(CC)=C2CC)=B1,2014.657,2175.8794,-11.359624,0.04270558059215546,0.5769230769230769,0.04270558
